regName,type,arraySize,VGAbase,VGAvalue,XGAbase,XGAvalue,L520base,L520value
GNRLcodeLength,uint8,1,d,00000064,d,00000052,h,00000020
GNRLimgHsize,uint16,1,d,640,d,1024,d,152
GNRLimgVsize,uint16,1,d,480,d,768,d,232
GNRLsampleRate,uint8,1,h,00000008,h,00000008,h,00000010
GNRLzMaxSubMMExp,uint16,1,h,00000002,h,00000002,h,00000002
GNRLrangeFinder,logical,1,b,0,b,0,b,0
GNRLsideLobeDir,logical,1,b,0,b,0,b,0
DIGGnestBypass,logical,1,b,0,b,0,b,0
DIGGgammaScale,int16,2,h,04000400,h,04000400,h,04000400
DIGGgammaShift,int16,2,h,00000000,h,00000000,h,00000000
DIGGnestLdOnDelay,uint8,1,h,19,h,19,h,19
DIGGnestNumOfSamplesExp,uint8,1,h,08,h,08,h,08
DIGGundistBypass,logical,1,b,0,b,0,b,0
DIGGycrossThr,uint32,1,h,0064,h,0064,h,0064
DIGGnotchBypass,logical,1,b,1,b,1,b,1
DIGGgammaBypass,logical,1,b,0,b,0,b,0
DIGGsphericalEn,logical,1,b,0,b,0,b,0
DIGGgengRangeFinderLUT_000,uint4,8,h,00FF0FFF,h,00FF0FFF,h,00FF0FFF
DIGGgengRangeFinderLUT_001,uint4,8,h,00000000,h,00000000,h,00000000
DIGGgengRangeFinderLUT_002,uint4,8,h,00FF1F20,h,00FF1F20,h,00FF1F20
DIGGgengRangeFinderLUT_003,uint4,8,h,00000000,h,00000000,h,00000000
DIGGgengRangeFinderLUT_004,uint4,8,h,00000000,h,00000000,h,00000000
DIGGgengRangeFinderLUT_005,uint4,8,h,00000000,h,00000000,h,00000000
DIGGgengRangeFinderLUT_006,uint4,8,h,00000000,h,00000000,h,00000000
DIGGgengRangeFinderLUT_007,uint4,8,h,00000000,h,00000000,h,00000000
DIGGspare_002,uint32,1,h,00000000,h,00000000,h,00000000
DIGGspare_003,uint32,1,h,00000000,h,00000000,h,00000000
DIGGspare_004,uint32,1,h,00000000,h,00000000,h,00000000
DIGGspare_006,uint32,1,h,00000000,h,00000000,h,00000000
DIGGspare_007,uint32,1,h,00000000,h,00000000,h,00000000
RASTbiltAdapt,uint8,1,h,00000000,h,00000000,h,00000000
RASTbiltBypass,logical,1,b,0,b,0,b,0
RASTbiltDiag,uint8,1,h,10,h,10,h,10
RASTbiltSharpnessR,uint8,1,h,00000002,h,00000002,h,00000002
RASTbiltSharpnessS,uint8,1,h,00000000,h,00000000,h,00000000
RASTmmSide,uint8,1,h,04,h,04,h,04
RASToutIRmm,logical,1,b,1,b,1,b,1
RASToutIRvar,logical,1,b,0,b,0,b,0
RASTdcLevel,uint8,3,h,3d3d3d,h,3d3d3d,h,3d3d3d
RASTskipOnTxModeChange,uint8,1,h,06,h,06,h,06
RASTinvalidateDiffTxRx,logical,1,b,0,b,0,b,0
RASTdiscardLateChuncks,logical,1,b,1,b,1,b,1
RASTirDiscardsidelobes,logical,1,b,1,b,1,b,1
RASTcmaMask,uint8,1,h,FF,h,FF,h,FF
DCORbypass,logical,1,b,0,b,0,b,0
DCORfineCorrRange,uint16,1,h,0010,h,0010,h,0010
DCORirStartLUT,uint16,1,h,0000,h,0000,h,0000
DCORambStartLUT,uint16,1,h,0000,h,0000,h,0000
DCORirLUTExp,uint4,1,h,6,h,6,h,6
DCORambLUTExp,uint4,1,h,6,h,6,h,6
DCORtmplMode,uint4,1,h,0,h,0,h,0
DCORyScalerBits,uint4,1,h,3,h,3,h,3
DCORoutIRnest,logical,1,b,0,b,0,b,0
DCORoutIRcma,logical,1,b,0,b,0,b,0
DCORoutIRcmaBin,uint16,1,h,0000,h,0000,h,0000
DCORirMap_000,uint4,8,h,22110000,h,22110000,h,22110000
DCORirMap_001,uint4,8,h,65544333,h,65544333,h,65544333
DCORirMap_002,uint4,8,h,AA998876,h,AA998876,h,AA998876
DCORirMap_003,uint4,8,h,FEEDDCBB,h,FEEDDCBB,h,FEEDDCBB
DCORirMap_004,uint4,8,h,FFFFFFFF,h,FFFFFFFF,h,FFFFFFFF
DCORirMap_005,uint4,8,h,FFFFFFFF,h,FFFFFFFF,h,FFFFFFFF
DCORirMap_006,uint4,8,h,FFFFFFFF,h,FFFFFFFF,h,FFFFFFFF
DCORirMap_007,uint4,8,h,FFFFFFFF,h,FFFFFFFF,h,FFFFFFFF
DCORambMap_000,uint4,8,h,11000000,h,11000000,h,11000000
DCORambMap_001,uint4,8,h,22111111,h,22111111,h,22111111
DCORambMap_002,uint4,8,h,32222222,h,32222222,h,32222222
DCORambMap_003,uint4,8,h,33333333,h,33333333,h,33333333
DCORambMap_004,uint4,8,h,44444444,h,44444444,h,44444444
DCORambMap_005,uint4,8,h,55555444,h,55555444,h,55555444
DCORambMap_006,uint4,8,h,66555555,h,66555555,h,66555555
DCORambMap_007,uint4,8,h,66666666,h,66666666,h,66666666
DCORspare_000,single,1,f,-0.9,f,-0.9,f,-0.9
DCORspare_001,single,1,f,-30.0,f,-30.0,f,-30.0
DCORspare_002,single,1,h,00000000,h,00000000,h,00000000
DCORspare_003,single,1,h,00000000,h,00000000,h,00000000
DCORspare_004,single,1,h,00000000,h,00000000,h,00000000
DCORspare_005,single,1,h,00000000,h,00000000,h,00000000
DCORspare_006,single,1,h,00000000,h,00000000,h,00000000
DCORspare_007,single,1,h,00000000,h,00000000,h,00000000
DCORpsnr_000,uint8,4,h,0000003F,h,0000003F,h,0000003F
DCORpsnr_001,uint8,4,h,00000000,h,00000000,h,00000000
DCORpsnr_002,uint8,4,h,00000000,h,00000000,h,00000000
DCORpsnr_003,uint8,4,h,00000000,h,00000000,h,00000000
DCORpsnr_004,uint8,4,h,07101F3F,h,07101F3F,h,07101F3F
DCORpsnr_005,uint8,4,h,00000000,h,00000000,h,00000000
DCORpsnr_006,uint8,4,h,00000000,h,00000000,h,00000000
DCORpsnr_007,uint8,4,h,00000000,h,00000000,h,00000000
DCORpsnr_008,uint8,4,h,161F2F3F,h,161F2F3F,h,161F2F3F
DCORpsnr_009,uint8,4,h,03070B10,h,03070B10,h,03070B10
DCORpsnr_010,uint8,4,h,00000000,h,00000000,h,00000000
DCORpsnr_011,uint8,4,h,00000000,h,00000000,h,00000000
DCORpsnr_012,uint8,4,h,1F29383F,h,1F29383F,h,1F29383F
DCORpsnr_013,uint8,4,h,0C101419,h,0C101419,h,0C101419
DCORpsnr_014,uint8,4,h,02040709,h,02040709,h,02040709
DCORpsnr_015,uint8,4,h,00000000,h,00000000,h,00000000
DCORpsnr_016,uint8,4,h,262F3F3F,h,262F3F3F,h,262F3F3F
DCORpsnr_017,uint8,4,h,13161A1F,h,13161A1F,h,13161A1F
DCORpsnr_018,uint8,4,h,090B0D10,h,090B0D10,h,090B0D10
DCORpsnr_019,uint8,4,h,01030507,h,01030507,h,01030507
DCORpsnr_020,uint8,4,h,2B343F3F,h,2B343F3F,h,2B343F3F
DCORpsnr_021,uint8,4,h,181B1F25,h,181B1F25,h,181B1F25
DCORpsnr_022,uint8,4,h,0E101215,h,0E101215,h,0E101215
DCORpsnr_023,uint8,4,h,07080A0C,h,07080A0C,h,07080A0C
DCORpsnr_024,uint8,4,h,2F383F3F,h,2F383F3F,h,2F383F3F
DCORpsnr_025,uint8,4,h,1C1F2429,h,1C1F2429,h,1C1F2429
DCORpsnr_026,uint8,4,h,12141619,h,12141619,h,12141619
DCORpsnr_027,uint8,4,h,0B0C0E10,h,0B0C0E10,h,0B0C0E10
DCORpsnr_028,uint8,4,h,333C3F3F,h,333C3F3F,h,333C3F3F
DCORpsnr_029,uint8,4,h,1F23272C,h,1F23272C,h,1F23272C
DCORpsnr_030,uint8,4,h,15171A1C,h,15171A1C,h,15171A1C
DCORpsnr_031,uint8,4,h,0E101113,h,0E101113,h,0E101113
DCORpsnr_032,uint8,4,h,363F3F3F,h,363F3F3F,h,363F3F3F
DCORpsnr_033,uint8,4,h,23262A2F,h,23262A2F,h,23262A2F
DCORpsnr_034,uint8,4,h,181A1D1F,h,181A1D1F,h,181A1D1F
DCORpsnr_035,uint8,4,h,11131416,h,11131416,h,11131416
DCORpsnr_036,uint8,4,h,383F3F3F,h,383F3F3F,h,383F3F3F
DCORpsnr_037,uint8,4,h,25292D32,h,25292D32,h,25292D32
DCORpsnr_038,uint8,4,h,1B1D1F22,h,1B1D1F22,h,1B1D1F22
DCORpsnr_039,uint8,4,h,14151719,h,14151719,h,14151719
DCORpsnr_040,uint8,4,h,3B3F3F3F,h,3B3F3F3F,h,3B3F3F3F
DCORpsnr_041,uint8,4,h,282B2F34,h,282B2F34,h,282B2F34
DCORpsnr_042,uint8,4,h,1D1F2225,h,1D1F2225,h,1D1F2225
DCORpsnr_043,uint8,4,h,16181A1B,h,16181A1B,h,16181A1B
DCORpsnr_044,uint8,4,h,3D3F3F3F,h,3D3F3F3F,h,3D3F3F3F
DCORpsnr_045,uint8,4,h,2A2D3136,h,2A2D3136,h,2A2D3136
DCORpsnr_046,uint8,4,h,1F222427,h,1F222427,h,1F222427
DCORpsnr_047,uint8,4,h,181A1C1E,h,181A1C1E,h,181A1C1E
DCORpsnr_048,uint8,4,h,3F3F3F3F,h,3F3F3F3F,h,3F3F3F3F
DCORpsnr_049,uint8,4,h,2C2F3338,h,2C2F3338,h,2C2F3338
DCORpsnr_050,uint8,4,h,21242629,h,21242629,h,21242629
DCORpsnr_051,uint8,4,h,1A1C1E1F,h,1A1C1E1F,h,1A1C1E1F
DCORpsnr_052,uint8,4,h,3F3F3F3F,h,3F3F3F3F,h,3F3F3F3F
DCORpsnr_053,uint8,4,h,2E31353A,h,2E31353A,h,2E31353A
DCORpsnr_054,uint8,4,h,2325282B,h,2325282B,h,2325282B
DCORpsnr_055,uint8,4,h,1C1E1F21,h,1C1E1F21,h,1C1E1F21
DCORpsnr_056,uint8,4,h,3F3F3F3F,h,3F3F3F3F,h,3F3F3F3F
DCORpsnr_057,uint8,4,h,2F33373C,h,2F33373C,h,2F33373C
DCORpsnr_058,uint8,4,h,25272A2C,h,25272A2C,h,25272A2C
DCORpsnr_059,uint8,4,h,1E1F2123,h,1E1F2123,h,1E1F2123
DCORpsnr_060,uint8,4,h,3F3F3F3F,h,3F3F3F3F,h,3F3F3F3F
DCORpsnr_061,uint8,4,h,3134383E,h,3134383E,h,3134383E
DCORpsnr_062,uint8,4,h,27292B2E,h,27292B2E,h,27292B2E
DCORpsnr_063,uint8,4,h,1F212325,h,1F212325,h,1F212325
DESTbypass,logical,1,b,0,b,0,b,0
DESTambiguityMinConf,uint4,1,h,3,h,3,h,3
DESTambiguityMinRTD,single,1,f,0,f,0,f,0
DESTsmoothKerLen,uint8,4,h,15151515,h,15151515,h,15151515
DESTtxPWRpd_000,single,1,h,00000000,h,00000000,h,00000000
DESTtxPWRpd_001,single,1,h,00000000,h,00000000,h,00000000
DESTtxPWRpd_002,single,1,h,00000000,h,00000000,h,00000000
DESTtxPWRpd_003,single,1,h,00000000,h,00000000,h,00000000
DESTtxPWRpd_004,single,1,h,00000000,h,00000000,h,00000000
DESTtxPWRpd_005,single,1,h,00000000,h,00000000,h,00000000
DESTtxPWRpd_006,single,1,h,00000000,h,00000000,h,00000000
DESTtxPWRpd_007,single,1,h,00000000,h,00000000,h,00000000
DESTtxPWRpd_008,single,1,h,00000000,h,00000000,h,00000000
DESTtxPWRpd_009,single,1,h,00000000,h,00000000,h,00000000
DESTtxPWRpd_010,single,1,h,00000000,h,00000000,h,00000000
DESTtxPWRpd_011,single,1,h,00000000,h,00000000,h,00000000
DESTtxPWRpd_012,single,1,h,00000000,h,00000000,h,00000000
DESTtxPWRpd_013,single,1,h,00000000,h,00000000,h,00000000
DESTtxPWRpd_014,single,1,h,00000000,h,00000000,h,00000000
DESTtxPWRpd_015,single,1,h,00000000,h,00000000,h,00000000
DESTtxPWRpd_016,single,1,h,00000000,h,00000000,h,00000000
DESTtxPWRpd_017,single,1,h,00000000,h,00000000,h,00000000
DESTtxPWRpd_018,single,1,h,00000000,h,00000000,h,00000000
DESTtxPWRpd_019,single,1,h,00000000,h,00000000,h,00000000
DESTtxPWRpd_020,single,1,h,00000000,h,00000000,h,00000000
DESTtxPWRpd_021,single,1,h,00000000,h,00000000,h,00000000
DESTtxPWRpd_022,single,1,h,00000000,h,00000000,h,00000000
DESTtxPWRpd_023,single,1,h,00000000,h,00000000,h,00000000
DESTtxPWRpd_024,single,1,h,00000000,h,00000000,h,00000000
DESTtxPWRpd_025,single,1,h,00000000,h,00000000,h,00000000
DESTtxPWRpd_026,single,1,h,00000000,h,00000000,h,00000000
DESTtxPWRpd_027,single,1,h,00000000,h,00000000,h,00000000
DESTtxPWRpd_028,single,1,h,00000000,h,00000000,h,00000000
DESTtxPWRpd_029,single,1,h,00000000,h,00000000,h,00000000
DESTtxPWRpd_030,single,1,h,00000000,h,00000000,h,00000000
DESTtxPWRpd_031,single,1,h,00000000,h,00000000,h,00000000
DESTtxPWRpd_032,single,1,h,00000000,h,00000000,h,00000000
DESTtxPWRpd_033,single,1,h,00000000,h,00000000,h,00000000
DESTtxPWRpd_034,single,1,h,00000000,h,00000000,h,00000000
DESTtxPWRpd_035,single,1,h,00000000,h,00000000,h,00000000
DESTtxPWRpd_036,single,1,h,00000000,h,00000000,h,00000000
DESTtxPWRpd_037,single,1,h,00000000,h,00000000,h,00000000
DESTtxPWRpd_038,single,1,h,00000000,h,00000000,h,00000000
DESTtxPWRpd_039,single,1,h,00000000,h,00000000,h,00000000
DESTtxPWRpd_040,single,1,h,00000000,h,00000000,h,00000000
DESTtxPWRpd_041,single,1,h,00000000,h,00000000,h,00000000
DESTtxPWRpd_042,single,1,h,00000000,h,00000000,h,00000000
DESTtxPWRpd_043,single,1,h,00000000,h,00000000,h,00000000
DESTtxPWRpd_044,single,1,h,00000000,h,00000000,h,00000000
DESTtxPWRpd_045,single,1,h,00000000,h,00000000,h,00000000
DESTtxPWRpd_046,single,1,h,00000000,h,00000000,h,00000000
DESTtxPWRpd_047,single,1,h,00000000,h,00000000,h,00000000
DESTtxPWRpd_048,single,1,h,00000000,h,00000000,h,00000000
DESTtxPWRpd_049,single,1,h,00000000,h,00000000,h,00000000
DESTtxPWRpd_050,single,1,h,00000000,h,00000000,h,00000000
DESTtxPWRpd_051,single,1,h,00000000,h,00000000,h,00000000
DESTtxPWRpd_052,single,1,h,00000000,h,00000000,h,00000000
DESTtxPWRpd_053,single,1,h,00000000,h,00000000,h,00000000
DESTtxPWRpd_054,single,1,h,00000000,h,00000000,h,00000000
DESTtxPWRpd_055,single,1,h,00000000,h,00000000,h,00000000
DESTtxPWRpd_056,single,1,h,00000000,h,00000000,h,00000000
DESTtxPWRpd_057,single,1,h,00000000,h,00000000,h,00000000
DESTtxPWRpd_058,single,1,h,00000000,h,00000000,h,00000000
DESTtxPWRpd_059,single,1,h,00000000,h,00000000,h,00000000
DESTtxPWRpd_060,single,1,h,00000000,h,00000000,h,00000000
DESTtxPWRpd_061,single,1,h,00000000,h,00000000,h,00000000
DESTtxPWRpd_062,single,1,h,00000000,h,00000000,h,00000000
DESTtxPWRpd_063,single,1,h,00000000,h,00000000,h,00000000
DESTtxPWRpd_064,single,1,h,00000000,h,00000000,h,00000000
DESTrxPWRpd_000,single,1,h,00000000,h,00000000,h,00000000
DESTrxPWRpd_001,single,1,h,00000000,h,00000000,h,00000000
DESTrxPWRpd_002,single,1,h,00000000,h,00000000,h,00000000
DESTrxPWRpd_003,single,1,h,00000000,h,00000000,h,00000000
DESTrxPWRpd_004,single,1,h,00000000,h,00000000,h,00000000
DESTrxPWRpd_005,single,1,h,00000000,h,00000000,h,00000000
DESTrxPWRpd_006,single,1,h,00000000,h,00000000,h,00000000
DESTrxPWRpd_007,single,1,h,00000000,h,00000000,h,00000000
DESTrxPWRpd_008,single,1,h,00000000,h,00000000,h,00000000
DESTrxPWRpd_009,single,1,h,00000000,h,00000000,h,00000000
DESTrxPWRpd_010,single,1,h,00000000,h,00000000,h,00000000
DESTrxPWRpd_011,single,1,h,00000000,h,00000000,h,00000000
DESTrxPWRpd_012,single,1,h,00000000,h,00000000,h,00000000
DESTrxPWRpd_013,single,1,h,00000000,h,00000000,h,00000000
DESTrxPWRpd_014,single,1,h,00000000,h,00000000,h,00000000
DESTrxPWRpd_015,single,1,h,00000000,h,00000000,h,00000000
DESTrxPWRpd_016,single,1,h,00000000,h,00000000,h,00000000
DESTrxPWRpd_017,single,1,h,00000000,h,00000000,h,00000000
DESTrxPWRpd_018,single,1,h,00000000,h,00000000,h,00000000
DESTrxPWRpd_019,single,1,h,00000000,h,00000000,h,00000000
DESTrxPWRpd_020,single,1,h,00000000,h,00000000,h,00000000
DESTrxPWRpd_021,single,1,h,00000000,h,00000000,h,00000000
DESTrxPWRpd_022,single,1,h,00000000,h,00000000,h,00000000
DESTrxPWRpd_023,single,1,h,00000000,h,00000000,h,00000000
DESTrxPWRpd_024,single,1,h,00000000,h,00000000,h,00000000
DESTrxPWRpd_025,single,1,h,00000000,h,00000000,h,00000000
DESTrxPWRpd_026,single,1,h,00000000,h,00000000,h,00000000
DESTrxPWRpd_027,single,1,h,00000000,h,00000000,h,00000000
DESTrxPWRpd_028,single,1,h,00000000,h,00000000,h,00000000
DESTrxPWRpd_029,single,1,h,00000000,h,00000000,h,00000000
DESTrxPWRpd_030,single,1,h,00000000,h,00000000,h,00000000
DESTrxPWRpd_031,single,1,h,00000000,h,00000000,h,00000000
DESTrxPWRpd_032,single,1,h,00000000,h,00000000,h,00000000
DESTrxPWRpd_033,single,1,h,00000000,h,00000000,h,00000000
DESTrxPWRpd_034,single,1,h,00000000,h,00000000,h,00000000
DESTrxPWRpd_035,single,1,h,00000000,h,00000000,h,00000000
DESTrxPWRpd_036,single,1,h,00000000,h,00000000,h,00000000
DESTrxPWRpd_037,single,1,h,00000000,h,00000000,h,00000000
DESTrxPWRpd_038,single,1,h,00000000,h,00000000,h,00000000
DESTrxPWRpd_039,single,1,h,00000000,h,00000000,h,00000000
DESTrxPWRpd_040,single,1,h,00000000,h,00000000,h,00000000
DESTrxPWRpd_041,single,1,h,00000000,h,00000000,h,00000000
DESTrxPWRpd_042,single,1,h,00000000,h,00000000,h,00000000
DESTrxPWRpd_043,single,1,h,00000000,h,00000000,h,00000000
DESTrxPWRpd_044,single,1,h,00000000,h,00000000,h,00000000
DESTrxPWRpd_045,single,1,h,00000000,h,00000000,h,00000000
DESTrxPWRpd_046,single,1,h,00000000,h,00000000,h,00000000
DESTrxPWRpd_047,single,1,h,00000000,h,00000000,h,00000000
DESTrxPWRpd_048,single,1,h,00000000,h,00000000,h,00000000
DESTrxPWRpd_049,single,1,h,00000000,h,00000000,h,00000000
DESTrxPWRpd_050,single,1,h,00000000,h,00000000,h,00000000
DESTrxPWRpd_051,single,1,h,00000000,h,00000000,h,00000000
DESTrxPWRpd_052,single,1,h,00000000,h,00000000,h,00000000
DESTrxPWRpd_053,single,1,h,00000000,h,00000000,h,00000000
DESTrxPWRpd_054,single,1,h,00000000,h,00000000,h,00000000
DESTrxPWRpd_055,single,1,h,00000000,h,00000000,h,00000000
DESTrxPWRpd_056,single,1,h,00000000,h,00000000,h,00000000
DESTrxPWRpd_057,single,1,h,00000000,h,00000000,h,00000000
DESTrxPWRpd_058,single,1,h,00000000,h,00000000,h,00000000
DESTrxPWRpd_059,single,1,h,00000000,h,00000000,h,00000000
DESTrxPWRpd_060,single,1,h,00000000,h,00000000,h,00000000
DESTrxPWRpd_061,single,1,h,00000000,h,00000000,h,00000000
DESTrxPWRpd_062,single,1,h,00000000,h,00000000,h,00000000
DESTrxPWRpd_063,single,1,h,00000000,h,00000000,h,00000000
DESTrxPWRpd_064,single,1,h,00000000,h,00000000,h,00000000
DESTtxPWRpdScale_000,single,1,f,1,f,1,f,1
DESTtxPWRpdScale_001,single,1,f,2,f,2,f,2
DESTtxPWRpdScale_002,single,1,f,4,f,4,f,4
DESTrxPWRpdScale_000,single,1,f,1,f,1,f,1
DESTrxPWRpdScale_001,single,1,f,2,f,2,f,2
DESTrxPWRpdScale_002,single,1,f,4,f,4,f,4
DESTtmptrScale,single,1,f,1.0,f,1.0,f,1.0
DESTdepthAsRange,logical,1,b,0,b,0,b,0
DESTaltIrEn,logical,1,b,0,b,0,b,0
CBUFbypass,logical,1,b,0,b,0,b,0
JFILbilt1SharpnessR,uint8,1,h,0000000C,h,0000000C,h,0000000C
JFILbilt1bypass,logical,1,h,00000000,h,00000000,h,00000000
JFILbilt2SharpnessR,uint8,1,h,0000000C,h,0000000C,h,0000000C
JFILbilt2bypass,logical,1,h,00000000,h,00000000,h,00000000
JFILbilt3SharpnessR,uint8,1,h,0000000C,h,0000000C,h,0000000C
JFILbilt3bypass,logical,1,h,00000000,h,00000000,h,00000000
JFILbiltAdaptR,uint8,1,h,00000000,h,00000000,h,00000000
JFILbiltAdaptS,uint8,1,h,00000000,h,00000000,h,00000000
JFILbiltConfMaskD,logical,1,b,0,b,0,b,0
JFILbiltConfMaskIR,logical,1,b,0,b,0,b,0
JFILbiltConfThr,uint4,1,h,1,h,1,h,1
JFILbiltIRAdaptR,uint8,1,h,01,h,01,h,01
JFILbiltIRAdaptS,uint8,1,h,00000000,h,00000000,h,00000000
JFILbiltIRSharpnessR,uint8,1,h,10,h,10,h,10
JFILbiltIRSharpnessS,uint8,1,h,10,h,10,h,10
JFILbiltIRbypass,logical,1,b,1,b,1,b,1
JFILbiltSharpnessS,uint8,1,h,00000000,h,00000000,h,00000000
JFILbypass,logical,1,h,0,h,0,h,0
JFILbypassIr2Conf,logical,1,b,0,b,0,b,0
JFILdFeaturesConfThr,uint4,1,h,5,h,5,h,5
JFILiFeaturesNorm,logical,2,b,00,b,00,b,00
JFILdFeaturesNorm,logical,8,b,11011000,b,11011000,b,11011000
JFILdFeaturesSortType,uint8,1,h,00,h,00,h,00
JFILdnnBypass,logical,1,b,1,b,1,b,1
JFILdnnMinConf,uint4,1,h,1,h,1,h,1
JFILirShadingBypass,logical,1,b,1,b,1,b,1
JFILedge1bypassMode,uint8,1,d,0,d,0,d,0
JFILedge1detectTh,uint16,1,h,0064,h,0064,h,0064
JFILedge1maxTh,uint16,1,h,0032,h,0032,h,0032
JFILedge4bypassMode,uint8,1,d,0,d,0,d,0
JFILedge4detectTh,uint16,1,h,0064,h,0064,h,0064
JFILedge4maxTh,uint16,1,h,0032,h,0032,h,0032
JFILedge3bypassMode,uint8,1,d,0,d,0,d,0
JFILedge3detectTh,uint16,1,h,0064,h,0064,h,0064
JFILedge3maxTh,uint16,1,h,0032,h,0032,h,0032
JFILgeomBadConf,uint4,1,h,1,h,1,h,1
JFILgeomBypass,logical,1,b,0,b,0,b,0
JFILgeomConfThr,uint4,1,h,6,h,6,h,6
JFILgeomGoodConf,uint32,1,d,14,d,14,d,14
JFILgeomMinHits,uint32,1,d,22,d,22,d,22
JFILgeomTemplateEnable_000,logical,32,b,11111111111111111111111111111111,b,11111111111111111111111111111111,b,11111111111111111111111111111111
JFILgeomTemplateEnable_001,logical,32,b,11111111111111111111111111111111,b,11111111111111111111111111111111,b,11111111111111111111111111111111
JFILgrad1ConfLevel,uint4,1,h,2,h,2,h,2
JFILgrad1ConfUpdVal,uint4,1,h,1,h,1,h,1
JFILgrad1Mask,uint16,1,h,3ff,h,3ff,h,3ff
JFILgrad1bypass,logical,1,b,1,b,0,b,1
JFILgrad1thrAveDiag,uint16,1,h,ffff,h,ffff,h,ffff
JFILgrad1thrAveDx,uint16,1,h,ffff,h,ffff,h,ffff
JFILgrad1thrAveDy,uint16,1,h,ffff,h,ffff,h,ffff
JFILgrad1thrMaxDiag,uint16,1,h,0100,h,0100,h,0100
JFILgrad1thrMaxDx,uint16,1,h,ffff,h,ffff,h,ffff
JFILgrad1thrMaxDy,uint16,1,h,ffff,h,ffff,h,ffff
JFILgrad1thrMinDiag,uint16,1,h,ffff,h,ffff,h,ffff
JFILgrad1thrMinDx,uint16,1,h,ffff,h,ffff,h,ffff
JFILgrad1thrMinDy,uint16,1,h,ffff,h,ffff,h,ffff
JFILgrad1thrMode,uint16,1,h,0000,h,0000,h,0000
JFILgrad1thrSpike,uint16,1,h,ffff,h,ffff,h,ffff
JFILgrad2ConfLevel,uint4,1,h,2,h,2,h,2
JFILgrad2ConfUpdVal,uint4,1,h,1,h,1,h,1
JFILgrad2Mask,uint16,1,h,3ff,h,3ff,h,3ff
JFILgrad2bypass,logical,1,b,0,b,0,b,0
JFILgrad2thrAveDiag,uint16,1,h,0064,h,0064,h,0064
JFILgrad2thrAveDx,uint16,1,h,0064,h,0064,h,0064
JFILgrad2thrAveDy,uint16,1,h,0064,h,0064,h,0064
JFILgrad2thrMaxDiag,uint16,1,h,0064,h,0064,h,0064
JFILgrad2thrMaxDx,uint16,1,h,0064,h,0064,h,0064
JFILgrad2thrMaxDy,uint16,1,h,0064,h,0064,h,0064
JFILgrad2thrMinDiag,uint16,1,h,0064,h,0064,h,0064
JFILgrad2thrMinDx,uint16,1,h,0064,h,0064,h,0064
JFILgrad2thrMinDy,uint16,1,h,0064,h,0064,h,0064
JFILgrad2thrMode,uint16,1,h,0000,h,0000,h,0000
JFILgrad2thrSpike,uint16,1,h,000A,h,000A,h,000A
JFILinnBypass,logical,1,b,1,b,1,b,1
JFILinvBypass,logical,1,b,0,b,0,b,0
JFILinvUseGlobalConf,uint32,1,h,1,h,1,h,1
JFILmaxPoolConfThr,uint4,1,h,3,h,3,h,3
JFILmaxPoolBypass,logical,1,b,0,b,0,b,0
JFILsort1bypassMode,uint8,1,h,00000000,h,00000000,h,00000000
JFILsort1dWeights,uint8,4,h,40000000,h,40000000,h,40000000
JFILsort1dWeightsC,uint16,1,h,00000080,h,00000080,h,00000080
JFILsort1doConfAveraging,logical,1,b,1,b,1,b,1
JFILsort1fixedConfValue,uint4,1,h,1,h,1,h,1
JFILsort1iWeights,uint8,4,h,40000000,h,40000000,h,40000000
JFILsort1iWeightsC,uint16,1,h,00000080,h,00000080,h,00000080
JFILsort2bypassMode,uint8,1,h,00000000,h,00000000,h,00000000
JFILsort2dWeights,uint8,4,h,40000000,h,40000000,h,40000000
JFILsort2dWeightsC,uint16,1,h,00000080,h,00000080,h,00000080
JFILsort2doConfAveraging,logical,1,b,1,b,1,b,1
JFILsort2fixedConfValue,uint4,1,h,1,h,1,h,1
JFILsort2iWeights,uint8,4,h,40000000,h,40000000,h,40000000
JFILsort2iWeightsC,uint16,1,h,00000080,h,00000080,h,00000080
JFILsort3bypassMode,uint8,1,h,00000000,h,00000000,h,00000000
JFILsort3dWeights,uint8,4,h,40000000,h,40000000,h,40000000
JFILsort3dWeightsC,uint16,1,h,00000080,h,00000080,h,00000080
JFILsort3doConfAveraging,logical,1,b,1,b,1,b,1
JFILsort3fixedConfValue,uint4,1,h,1,h,1,h,1
JFILsort3iWeights,uint8,4,h,40000000,h,40000000,h,40000000
JFILsort3iWeightsC,uint16,1,h,00000080,h,00000080,h,00000080
JFILsort1Edge01,logical,1,b,1,b,1,b,1
JFILsort1Edge03,logical,1,b,1,b,1,b,1
JFILupscalex1y0,logical,1,b,1,b,1,b,1
JFILupscalexyBypass,logical,1,b,1,b,1,b,1
JFILgammaBypass,logical,1,b,0,b,0,b,0
JFILnnNorm,single,1,h,3803126F,h,3803126F,h,3803126F
JFILnnNormInv,single,1,h,46FA0000,h,46FA0000,h,46FA0000
JFILinnActFunc_000,uint32,1,h,00000000,h,00000000,h,00000000
JFILinnActFunc_001,uint32,1,h,00000000,h,00000000,h,00000000
JFILinnActFunc_002,uint32,1,h,00000000,h,00000000,h,00000000
JFILinnActFunc_003,uint32,1,h,0003F000,h,0003F000,h,0003F000
JFILinnActFunc_004,uint32,1,h,0003F000,h,0003F000,h,0003F000
JFILinnActFunc_005,uint32,1,h,0003F000,h,0003F000,h,0003F000
JFILinnActFunc_006,uint32,1,h,00000000,h,00000000,h,00000000
JFILinnActFunc_007,uint32,1,h,00000000,h,00000000,h,00000000
JFILinnActFunc_008,uint32,1,h,00000000,h,00000000,h,00000000
JFILinnActFunc_009,uint32,1,h,00000000,h,00000000,h,00000000
JFILinnActFunc_010,uint32,1,h,00000000,h,00000000,h,00000000
JFILinnActFunc_011,uint32,1,h,00000000,h,00000000,h,00000000
JFILdnnActFunc_000,uint32,1,h,00000000,h,00000000,h,00000000
JFILdnnActFunc_001,uint32,1,h,00000000,h,00000000,h,00000000
JFILdnnActFunc_002,uint32,1,h,00000000,h,00000000,h,00000000
JFILdnnActFunc_003,uint32,1,h,0003F000,h,0003F000,h,0003F000
JFILdnnActFunc_004,uint32,1,h,0003F000,h,0003F000,h,0003F000
JFILdnnActFunc_005,uint32,1,h,0003F000,h,0003F000,h,0003F000
JFILdnnActFunc_006,uint32,1,h,00000000,h,00000000,h,00000000
JFILdnnActFunc_007,uint32,1,h,00000000,h,00000000,h,00000000
JFILdnnActFunc_008,uint32,1,h,00000000,h,00000000,h,00000000
JFILdnnActFunc_009,uint32,1,h,00000000,h,00000000,h,00000000
JFILdnnActFunc_010,uint32,1,h,00000000,h,00000000,h,00000000
JFILdnnActFunc_011,uint32,1,h,00000000,h,00000000,h,00000000
JFILspare_000,uint32,1,h,00000000,h,00000000,h,00000000
JFILspare_002,uint32,1,h,00000000,h,00000000,h,00000000
JFILspare_003,uint32,1,h,00000000,h,00000000,h,00000000
JFILspare_004,uint32,1,h,00000000,h,00000000,h,00000000
JFILspare_005,uint32,1,h,00000000,h,00000000,h,00000000
JFILspare_006,uint32,1,h,00000000,h,00000000,h,00000000
JFILspare_007,uint32,1,h,00000000,h,00000000,h,00000000
PCKRprivacyEn,logical,1,b,0,b,0,b,0
PCKRprivacyZ,uint16,1,h,0000,h,0000,h,0000
PCKRprivacyI,uint8,1,h,00,h,00,h,00
PCKRprivacyC,uint8,1,h,00,h,00,h,00
PCKRallInDepth,logical,1,b,0,b,0,b,0
PCKRdepthEn,logical,1,b,1,b,1,b,1
PCKRconfEn,logical,1,b,1,b,1,b,1
PCKRirEn,logical,1,b,1,b,1,b,1
PCKRspare_000,single,1,h,00000000,h,00000000,h,00000000
PCKRspare_001,single,1,h,00000000,h,00000000,h,00000000
PCKRspare_002,single,1,h,00000000,h,00000000,h,00000000
PCKRspare_003,single,1,h,00000000,h,00000000,h,00000000
PCKRspare_004,single,1,h,00000000,h,00000000,h,00000000
PCKRspare_005,single,1,h,00000000,h,00000000,h,00000000
PCKRspare_006,single,1,h,00000000,h,00000000,h,00000000
PCKRspare_007,single,1,h,00000000,h,00000000,h,00000000
STATstt1Bypass,logical,1,b,0,b,0,b,0
STATstt1invCntBypass,logical,1,b,0,b,0,b,0
STATstt2Bypass,logical,1,b,0,b,0,b,0
STATstt2integralImageBypass,logical,1,b,0,b,0,b,0
STATstt2invCntBypass,logical,1,b,0,b,0,b,0
FRMWpllClock,single,1,f,3.984,f,3.984,f,0.996
FRMWxoffset,single,1,f,0,f,0,f,0
FRMWyoffset,single,1,f,0,f,0,f,0
FRMWguardBandH,single,1,f,0.000000,f,0.000000,f,0.000000
FRMWguardBandV,single,1,f,0.000000,f,0.000000,f,0.000000
FRMWcoarseSampleRate,uint8,1,h,00000002,h,00000001,h,00000002
FRMWtxCode_000,uint32,1,h,3CCCC33C,h,3CCCCC3C,h,69565A99
FRMWtxCode_001,uint32,1,h,C3C333CC,h,000CC33C,h,00000000
FRMWtxCode_002,uint32,1,h,00000000,h,00000000,h,00000000
FRMWtxCode_003,uint32,1,h,00000000,h,00000000,h,00000000
FRMWnotchBw0,single,1,f,3,f,3,f,3
FRMWnotchBwDecay,single,1,f,0,f,0,f,0
FRMWcbufConstLUT,logical,1,b,0,b,0,b,0
FRMWoutIRcmaBin,uint16,1,h,0000,h,0000,h,0000
FRMWdcorTemplatesFromFile,logical,1,b,0,b,0,b,0
FRMWundistXfovFactor,single,1,f,1.0,f,1.0,f,1.0
FRMWundistYfovFactor,single,1,f,1.0,f,1.0,f,1.0
FRMWcorSaturationPrc,single,1,f,0.75,f,0.75,f,0.75
FRMWcropXfactor,single,1,f,1.0,f,1.0,f,1.0
FRMWcropYfactor,single,1,f,1.0,f,1.0,f,1.0
FRMWcbufMargin,uint32,1,h,2a,h,a,h,2a
FRMWexternalVsize,uint32,1,d,480,d,768,d,232
FRMWexternalHsize,uint32,1,d,640,d,1024,d,152
EXTLconLocOutVDelay,uint32,1,h,16b90,h,16b90,h,16b90
JFILbiltConfAdaptR_000,uint8,4,h,01010101,h,01010101,h,01010101
JFILbiltConfAdaptR_001,uint8,4,h,03020101,h,03020101,h,03020101
JFILbiltConfAdaptR_002,uint8,4,h,110C0805,h,110C0805,h,110C0805
JFILbiltConfAdaptR_003,uint8,4,h,2F261E17,h,2F261E17,h,2F261E17
JFILbiltConfAdaptS_000,uint8,4,h,01010101,h,01010101,h,01010101
JFILbiltConfAdaptS_001,uint8,4,h,01010101,h,01010101,h,01010101
JFILbiltConfAdaptS_002,uint8,4,h,08060402,h,08060402,h,08060402
JFILbiltConfAdaptS_003,uint8,4,h,17130F0B,h,17130F0B,h,17130F0B
JFILbiltConfWeightD_000,uint8,4,h,01010101,h,01010101,h,01010101
JFILbiltConfWeightD_001,uint8,4,h,10090502,h,10090502,h,10090502
JFILbiltConfWeightD_002,uint8,4,h,1E1D1A16,h,1E1D1A16,h,1E1D1A16
JFILbiltConfWeightD_003,uint8,4,h,1F1F1F1F,h,1F1F1F1F,h,1F1F1F1F
JFILbiltDepthAdaptR_000,uint8,4,h,8A8B8B8C,h,8A8B8B8C,h,8A8B8B8C
JFILbiltDepthAdaptR_001,uint8,4,h,8889898A,h,8889898A,h,8889898A
JFILbiltDepthAdaptR_002,uint8,4,h,86868787,h,86868787,h,86868787
JFILbiltDepthAdaptR_003,uint8,4,h,83848585,h,83848585,h,83848585
JFILbiltDepthAdaptR_004,uint8,4,h,81818283,h,81818283,h,81818283
JFILbiltDepthAdaptR_005,uint8,4,h,7E7F7F80,h,7E7F7F80,h,7E7F7F80
JFILbiltDepthAdaptR_006,uint8,4,h,7B7C7D7D,h,7B7C7D7D,h,7B7C7D7D
JFILbiltDepthAdaptR_007,uint8,4,h,78797A7A,h,78797A7A,h,78797A7A
JFILbiltDepthAdaptR_008,uint8,4,h,75767777,h,75767777,h,75767777
JFILbiltDepthAdaptR_009,uint8,4,h,72727374,h,72727374,h,72727374
JFILbiltDepthAdaptR_010,uint8,4,h,6E6F7071,h,6E6F7071,h,6E6F7071
JFILbiltDepthAdaptR_011,uint8,4,h,6B6C6C6D,h,6B6C6C6D,h,6B6C6C6D
JFILbiltDepthAdaptR_012,uint8,4,h,6768696A,h,6768696A,h,6768696A
JFILbiltDepthAdaptR_013,uint8,4,h,63646566,h,63646566,h,63646566
JFILbiltDepthAdaptR_014,uint8,4,h,60616162,h,60616162,h,60616162
JFILbiltDepthAdaptR_015,uint8,4,h,5C5D5E5F,h,5C5D5E5F,h,5C5D5E5F
JFILbiltDepthAdaptR_016,uint8,4,h,58595A5B,h,58595A5B,h,58595A5B
JFILbiltDepthAdaptR_017,uint8,4,h,54555657,h,54555657,h,54555657
JFILbiltDepthAdaptR_018,uint8,4,h,51525354,h,51525354,h,51525354
JFILbiltDepthAdaptR_019,uint8,4,h,4D4E4F50,h,4D4E4F50,h,4D4E4F50
JFILbiltDepthAdaptR_020,uint8,4,h,4A4B4B4C,h,4A4B4B4C,h,4A4B4B4C
JFILbiltDepthAdaptR_021,uint8,4,h,46474849,h,46474849,h,46474849
JFILbiltDepthAdaptR_022,uint8,4,h,43444546,h,43444546,h,43444546
JFILbiltDepthAdaptR_023,uint8,4,h,40414242,h,40414242,h,40414242
JFILbiltDepthAdaptR_024,uint8,4,h,3D3E3F3F,h,3D3E3F3F,h,3D3E3F3F
JFILbiltDepthAdaptR_025,uint8,4,h,3A3B3C3C,h,3A3B3C3C,h,3A3B3C3C
JFILbiltDepthAdaptR_026,uint8,4,h,3838393A,h,3838393A,h,3838393A
JFILbiltDepthAdaptR_027,uint8,4,h,35363637,h,35363637,h,35363637
JFILbiltDepthAdaptR_028,uint8,4,h,33333434,h,33333434,h,33333434
JFILbiltDepthAdaptR_029,uint8,4,h,31313232,h,31313232,h,31313232
JFILbiltDepthAdaptR_030,uint8,4,h,2E2F2F30,h,2E2F2F30,h,2E2F2F30
JFILbiltDepthAdaptR_031,uint8,4,h,2D2D2E2E,h,2D2D2E2E,h,2D2D2E2E
JFILbiltDepthAdaptR_032,uint8,4,h,2B2B2C2C,h,2B2B2C2C,h,2B2B2C2C
JFILbiltDepthAdaptR_033,uint8,4,h,292A2A2A,h,292A2A2A,h,292A2A2A
JFILbiltDepthAdaptR_034,uint8,4,h,28282829,h,28282829,h,28282829
JFILbiltDepthAdaptR_035,uint8,4,h,26272727,h,26272727,h,26272727
JFILbiltDepthAdaptR_036,uint8,4,h,25252626,h,25252626,h,25252626
JFILbiltDepthAdaptR_037,uint8,4,h,24242525,h,24242525,h,24242525
JFILbiltDepthAdaptR_038,uint8,4,h,23232424,h,23232424,h,23232424
JFILbiltDepthAdaptR_039,uint8,4,h,22222323,h,22222323,h,22222323
JFILbiltDepthAdaptR_040,uint8,4,h,21212222,h,21212222,h,21212222
JFILbiltDepthAdaptR_041,uint8,4,h,21212121,h,21212121,h,21212121
JFILbiltDepthAdaptR_042,uint8,4,h,20202020,h,20202020,h,20202020
JFILbiltDepthAdaptR_043,uint8,4,h,1F1F1F20,h,1F1F1F20,h,1F1F1F20
JFILbiltDepthAdaptR_044,uint8,4,h,1F1F1F1F,h,1F1F1F1F,h,1F1F1F1F
JFILbiltDepthAdaptR_045,uint8,4,h,1E1E1E1E,h,1E1E1E1E,h,1E1E1E1E
JFILbiltDepthAdaptR_046,uint8,4,h,1E1E1E1E,h,1E1E1E1E,h,1E1E1E1E
JFILbiltDepthAdaptR_047,uint8,4,h,1D1D1D1E,h,1D1D1D1E,h,1D1D1D1E
JFILbiltDepthAdaptR_048,uint8,4,h,1D1D1D1D,h,1D1D1D1D,h,1D1D1D1D
JFILbiltDepthAdaptR_049,uint8,4,h,1D1D1D1D,h,1D1D1D1D,h,1D1D1D1D
JFILbiltDepthAdaptR_050,uint8,4,h,1C1C1C1C,h,1C1C1C1C,h,1C1C1C1C
JFILbiltDepthAdaptR_051,uint8,4,h,1C1C1C1C,h,1C1C1C1C,h,1C1C1C1C
JFILbiltDepthAdaptR_052,uint8,4,h,1C1C1C1C,h,1C1C1C1C,h,1C1C1C1C
JFILbiltDepthAdaptR_053,uint8,4,h,1B1C1C1C,h,1B1C1C1C,h,1B1C1C1C
JFILbiltDepthAdaptR_054,uint8,4,h,1B1B1B1B,h,1B1B1B1B,h,1B1B1B1B
JFILbiltDepthAdaptR_055,uint8,4,h,1B1B1B1B,h,1B1B1B1B,h,1B1B1B1B
JFILbiltDepthAdaptR_056,uint8,4,h,1B1B1B1B,h,1B1B1B1B,h,1B1B1B1B
JFILbiltDepthAdaptR_057,uint8,4,h,1B1B1B1B,h,1B1B1B1B,h,1B1B1B1B
JFILbiltDepthAdaptR_058,uint8,4,h,1B1B1B1B,h,1B1B1B1B,h,1B1B1B1B
JFILbiltDepthAdaptR_059,uint8,4,h,1B1B1B1B,h,1B1B1B1B,h,1B1B1B1B
JFILbiltDepthAdaptR_060,uint8,4,h,1A1B1B1B,h,1A1B1B1B,h,1A1B1B1B
JFILbiltDepthAdaptR_061,uint8,4,h,1A1A1A1A,h,1A1A1A1A,h,1A1A1A1A
JFILbiltDepthAdaptR_062,uint8,4,h,1A1A1A1A,h,1A1A1A1A,h,1A1A1A1A
JFILbiltDepthAdaptR_063,uint8,4,h,1A1A1A1A,h,1A1A1A1A,h,1A1A1A1A
JFILbiltDepthAdaptS_000,uint8,4,h,0C0C0C0C,h,0C0C0C0C,h,0C0C0C0C
JFILbiltDepthAdaptS_001,uint8,4,h,0C0C0C0C,h,0C0C0C0C,h,0C0C0C0C
JFILbiltDepthAdaptS_002,uint8,4,h,0B0B0C0C,h,0B0B0C0C,h,0B0B0C0C
JFILbiltDepthAdaptS_003,uint8,4,h,0B0B0B0B,h,0B0B0B0B,h,0B0B0B0B
JFILbiltDepthAdaptS_004,uint8,4,h,0A0A0A0B,h,0A0A0A0B,h,0A0A0A0B
JFILbiltDepthAdaptS_005,uint8,4,h,09090A0A,h,09090A0A,h,09090A0A
JFILbiltDepthAdaptS_006,uint8,4,h,09090909,h,09090909,h,09090909
JFILbiltDepthAdaptS_007,uint8,4,h,08080808,h,08080808,h,08080808
JFILbiltDepthAdaptS_008,uint8,4,h,07070708,h,07070708,h,07070708
JFILbiltDepthAdaptS_009,uint8,4,h,06060607,h,06060607,h,06060607
JFILbiltDepthAdaptS_010,uint8,4,h,05060606,h,05060606,h,05060606
JFILbiltDepthAdaptS_011,uint8,4,h,05050505,h,05050505,h,05050505
JFILbiltDepthAdaptS_012,uint8,4,h,04040404,h,04040404,h,04040404
JFILbiltDepthAdaptS_013,uint8,4,h,03040404,h,03040404,h,03040404
JFILbiltDepthAdaptS_014,uint8,4,h,03030303,h,03030303,h,03030303
JFILbiltDepthAdaptS_015,uint8,4,h,03030303,h,03030303,h,03030303
JFILbiltDepthAdaptS_016,uint8,4,h,02020203,h,02020203,h,02020203
JFILbiltDepthAdaptS_017,uint8,4,h,02020202,h,02020202,h,02020202
JFILbiltDepthAdaptS_018,uint8,4,h,02020202,h,02020202,h,02020202
JFILbiltDepthAdaptS_019,uint8,4,h,02020202,h,02020202,h,02020202
JFILbiltDepthAdaptS_020,uint8,4,h,02020202,h,02020202,h,02020202
JFILbiltDepthAdaptS_021,uint8,4,h,01010101,h,01010101,h,01010101
JFILbiltDepthAdaptS_022,uint8,4,h,01010101,h,01010101,h,01010101
JFILbiltDepthAdaptS_023,uint8,4,h,01010101,h,01010101,h,01010101
JFILbiltDepthAdaptS_024,uint8,4,h,01010101,h,01010101,h,01010101
JFILbiltDepthAdaptS_025,uint8,4,h,01010101,h,01010101,h,01010101
JFILbiltDepthAdaptS_026,uint8,4,h,01010101,h,01010101,h,01010101
JFILbiltDepthAdaptS_027,uint8,4,h,01010101,h,01010101,h,01010101
JFILbiltDepthAdaptS_028,uint8,4,h,01010101,h,01010101,h,01010101
JFILbiltDepthAdaptS_029,uint8,4,h,01010101,h,01010101,h,01010101
JFILbiltDepthAdaptS_030,uint8,4,h,01010101,h,01010101,h,01010101
JFILbiltDepthAdaptS_031,uint8,4,h,01010101,h,01010101,h,01010101
JFILbiltDepthAdaptS_032,uint8,4,h,01010101,h,01010101,h,01010101
JFILbiltDepthAdaptS_033,uint8,4,h,01010101,h,01010101,h,01010101
JFILbiltDepthAdaptS_034,uint8,4,h,01010101,h,01010101,h,01010101
JFILbiltDepthAdaptS_035,uint8,4,h,01010101,h,01010101,h,01010101
JFILbiltDepthAdaptS_036,uint8,4,h,01010101,h,01010101,h,01010101
JFILbiltDepthAdaptS_037,uint8,4,h,01010101,h,01010101,h,01010101
JFILbiltDepthAdaptS_038,uint8,4,h,01010101,h,01010101,h,01010101
JFILbiltDepthAdaptS_039,uint8,4,h,01010101,h,01010101,h,01010101
JFILbiltDepthAdaptS_040,uint8,4,h,01010101,h,01010101,h,01010101
JFILbiltDepthAdaptS_041,uint8,4,h,01010101,h,01010101,h,01010101
JFILbiltDepthAdaptS_042,uint8,4,h,01010101,h,01010101,h,01010101
JFILbiltDepthAdaptS_043,uint8,4,h,01010101,h,01010101,h,01010101
JFILbiltDepthAdaptS_044,uint8,4,h,01010101,h,01010101,h,01010101
JFILbiltDepthAdaptS_045,uint8,4,h,01010101,h,01010101,h,01010101
JFILbiltDepthAdaptS_046,uint8,4,h,01010101,h,01010101,h,01010101
JFILbiltDepthAdaptS_047,uint8,4,h,01010101,h,01010101,h,01010101
JFILbiltDepthAdaptS_048,uint8,4,h,01010101,h,01010101,h,01010101
JFILbiltDepthAdaptS_049,uint8,4,h,01010101,h,01010101,h,01010101
JFILbiltDepthAdaptS_050,uint8,4,h,01010101,h,01010101,h,01010101
JFILbiltDepthAdaptS_051,uint8,4,h,01010101,h,01010101,h,01010101
JFILbiltDepthAdaptS_052,uint8,4,h,01010101,h,01010101,h,01010101
JFILbiltDepthAdaptS_053,uint8,4,h,01010101,h,01010101,h,01010101
JFILbiltDepthAdaptS_054,uint8,4,h,01010101,h,01010101,h,01010101
JFILbiltDepthAdaptS_055,uint8,4,h,01010101,h,01010101,h,01010101
JFILbiltDepthAdaptS_056,uint8,4,h,01010101,h,01010101,h,01010101
JFILbiltDepthAdaptS_057,uint8,4,h,01010101,h,01010101,h,01010101
JFILbiltDepthAdaptS_058,uint8,4,h,01010101,h,01010101,h,01010101
JFILbiltDepthAdaptS_059,uint8,4,h,01010101,h,01010101,h,01010101
JFILbiltDepthAdaptS_060,uint8,4,h,01010101,h,01010101,h,01010101
JFILbiltDepthAdaptS_061,uint8,4,h,01010101,h,01010101,h,01010101
JFILbiltDepthAdaptS_062,uint8,4,h,01010101,h,01010101,h,01010101
JFILbiltDepthAdaptS_063,uint8,4,h,01010101,h,01010101,h,01010101
JFILbiltGauss_000,uint8,4,h,FAF7FDFF,h,FAF7FDFF,h,FAF7FDFF
JFILbiltGauss_001,uint8,4,h,FCFFFBFE,h,FCFFFBFE,h,FCFFFBFE
JFILbiltGauss_002,uint8,4,h,F9FDF8F3,h,F9FDF8F3,h,F9FDF8F3
JFILbiltGauss_003,uint8,4,h,F4EEFBFF,h,F4EEFBFF,h,F4EEFBFF
JFILbiltGauss_004,uint8,4,h,F8FFF6FD,h,F8FFF6FD,h,F8FFF6FD
JFILbiltGauss_005,uint8,4,h,F2FCEFE6,h,F2FCEFE6,h,F2FCEFE6
JFILbiltGauss_006,uint8,4,h,E8DBF5FF,h,E8DBF5FF,h,E8DBF5FF
JFILbiltGauss_007,uint8,4,h,F1FFECFA,h,F1FFECFA,h,F1FFECFA
JFILbiltGauss_008,uint8,4,h,E4F8DECC,h,E4F8DECC,h,E4F8DECC
JFILbiltGauss_009,uint8,4,h,D1BAECFF,h,D1BAECFF,h,D1BAECFF
JFILbiltGauss_010,uint8,4,h,E4FFDAF5,h,E4FFDAF5,h,E4FFDAF5
JFILbiltGauss_011,uint8,4,h,CCF1C1A4,h,CCF1C1A4,h,CCF1C1A4
JFILbiltGauss_012,uint8,4,h,AD89DAFF,h,AD89DAFF,h,AD89DAFF
JFILbiltGauss_013,uint8,4,h,CEFFBBEC,h,CEFFBBEC,h,CEFFBBEC
JFILbiltGauss_014,uint8,4,h,A6E5966D,h,A6E5966D,h,A6E5966D
JFILbiltGauss_015,uint8,4,h,7B50BFFF,h,7B50BFFF,h,7B50BFFF
JFILbiltGauss_016,uint8,4,h,ADFF8FDD,h,ADFF8FDD,h,ADFF8FDD
JFILbiltGauss_017,uint8,4,h,75D26035,h,75D26035,h,75D26035
JFILbiltGauss_018,uint8,4,h,462098FF,h,462098FF,h,462098FF
JFILbiltGauss_019,uint8,4,h,81FF5AC5,h,81FF5AC5,h,81FF5AC5
JFILbiltGauss_020,uint8,4,h,41B52E11,h,41B52E11,h,41B52E11
JFILbiltGauss_021,uint8,4,h,1C0769FF,h,1C0769FF,h,1C0769FF
JFILbiltGauss_022,uint8,4,h,52FF2BA4,h,52FF2BA4,h,52FF2BA4
JFILbiltGauss_023,uint8,4,h,1A900F03,h,1A900F03,h,1A900F03
JFILbiltGauss_024,uint8,4,h,07013CFF,h,07013CFF,h,07013CFF
JFILbiltGauss_025,uint8,4,h,2AFF0E7C,h,2AFF0E7C,h,2AFF0E7C
JFILbiltGauss_026,uint8,4,h,07670300,h,07670300,h,07670300
JFILbiltGauss_027,uint8,4,h,01001BFF,h,01001BFF,h,01001BFF
JFILbiltGauss_028,uint8,4,h,10FF0353,h,10FF0353,h,10FF0353
JFILbiltGauss_029,uint8,4,h,01400000,h,01400000,h,01400000
JFILbiltGauss_030,uint8,4,h,000009FF,h,000009FF,h,000009FF
JFILbiltGauss_031,uint8,4,h,05FF0030,h,05FF0030,h,05FF0030
JFILbiltGauss_032,uint8,4,h,00230000,h,00230000,h,00230000
JFILbiltGauss_033,uint8,4,h,000002FF,h,000002FF,h,000002FF
JFILbiltGauss_034,uint8,4,h,01FF0018,h,01FF0018,h,01FF0018
JFILbiltGauss_035,uint8,4,h,00100000,h,00100000,h,00100000
JFILbiltGauss_036,uint8,4,h,000000FF,h,000000FF,h,000000FF
JFILbiltGauss_037,uint8,4,h,00FF000A,h,00FF000A,h,00FF000A
JFILbiltGauss_038,uint8,4,h,00070000,h,00070000,h,00070000
JFILbiltGauss_039,uint8,4,h,000000FF,h,000000FF,h,000000FF
JFILbiltGauss_040,uint8,4,h,00FF0004,h,00FF0004,h,00FF0004
JFILbiltGauss_041,uint8,4,h,00030000,h,00030000,h,00030000
JFILbiltGauss_042,uint8,4,h,000000FF,h,000000FF,h,000000FF
JFILbiltGauss_043,uint8,4,h,00FF0002,h,00FF0002,h,00FF0002
JFILbiltGauss_044,uint8,4,h,00010000,h,00010000,h,00010000
JFILbiltGauss_045,uint8,4,h,000000FF,h,000000FF,h,000000FF
JFILbiltGauss_046,uint8,4,h,00FF0001,h,00FF0001,h,00FF0001
JFILbiltGauss_047,uint8,4,h,00000000,h,00000000,h,00000000
JFILbiltIRValueAdaptR_000,uint8,4,h,57595C5E,h,57595C5E,h,57595C5E
JFILbiltIRValueAdaptR_001,uint8,4,h,4D4F5254,h,4D4F5254,h,4D4F5254
JFILbiltIRValueAdaptR_002,uint8,4,h,4345484A,h,4345484A,h,4345484A
JFILbiltIRValueAdaptR_003,uint8,4,h,3A3C3E41,h,3A3C3E41,h,3A3C3E41
JFILbiltIRValueAdaptR_004,uint8,4,h,31333537,h,31333537,h,31333537
JFILbiltIRValueAdaptR_005,uint8,4,h,2A2C2E2F,h,2A2C2E2F,h,2A2C2E2F
JFILbiltIRValueAdaptR_006,uint8,4,h,24252728,h,24252728,h,24252728
JFILbiltIRValueAdaptR_007,uint8,4,h,1F202223,h,1F202223,h,1F202223
JFILbiltIRValueAdaptR_008,uint8,4,h,1C1C1D1E,h,1C1C1D1E,h,1C1C1D1E
JFILbiltIRValueAdaptR_009,uint8,4,h,19191A1B,h,19191A1B,h,19191A1B
JFILbiltIRValueAdaptR_010,uint8,4,h,17171818,h,17171818,h,17171818
JFILbiltIRValueAdaptR_011,uint8,4,h,15161616,h,15161616,h,15161616
JFILbiltIRValueAdaptR_012,uint8,4,h,14141515,h,14141515,h,14141515
JFILbiltIRValueAdaptR_013,uint8,4,h,13131414,h,13131414,h,13131414
JFILbiltIRValueAdaptR_014,uint8,4,h,13131313,h,13131313,h,13131313
JFILbiltIRValueAdaptR_015,uint8,4,h,12121212,h,12121212,h,12121212
JFILbiltIRValueAdaptS_000,uint8,4,h,00000000,h,00000000,h,00000000
JFILbiltIRValueAdaptS_001,uint8,4,h,00000000,h,00000000,h,00000000
JFILbiltIRValueAdaptS_002,uint8,4,h,00000000,h,00000000,h,00000000
JFILbiltIRValueAdaptS_003,uint8,4,h,01010101,h,01010101,h,01010101
JFILbiltIRValueAdaptS_004,uint8,4,h,01010101,h,01010101,h,01010101
JFILbiltIRValueAdaptS_005,uint8,4,h,02020202,h,02020202,h,02020202
JFILbiltIRValueAdaptS_006,uint8,4,h,03030302,h,03030302,h,03030302
JFILbiltIRValueAdaptS_007,uint8,4,h,05040404,h,05040404,h,05040404
JFILbiltIRValueAdaptS_008,uint8,4,h,06060505,h,06060505,h,06060505
JFILbiltIRValueAdaptS_009,uint8,4,h,07070706,h,07070706,h,07070706
JFILbiltIRValueAdaptS_010,uint8,4,h,08080808,h,08080808,h,08080808
JFILbiltIRValueAdaptS_011,uint8,4,h,09090908,h,09090908,h,09090908
JFILbiltIRValueAdaptS_012,uint8,4,h,09090909,h,09090909,h,09090909
JFILbiltIRValueAdaptS_013,uint8,4,h,0A0A0A09,h,0A0A0A09,h,0A0A0A09
JFILbiltIRValueAdaptS_014,uint8,4,h,0A0A0A0A,h,0A0A0A0A,h,0A0A0A0A
JFILbiltIRValueAdaptS_015,uint8,4,h,0A0A0A0A,h,0A0A0A0A,h,0A0A0A0A
JFILbiltSigmoid_000,uint8,4,h,FEFEFFFF,h,FEFEFFFF,h,FEFEFFFF
JFILbiltSigmoid_001,uint8,4,h,FDFDFEFE,h,FDFDFEFE,h,FDFDFEFE
JFILbiltSigmoid_002,uint8,4,h,FAFBFCFC,h,FAFBFCFC,h,FAFBFCFC
JFILbiltSigmoid_003,uint8,4,h,F4F6F8F9,h,F4F6F8F9,h,F4F6F8F9
JFILbiltSigmoid_004,uint8,4,h,E9EDF0F2,h,E9EDF0F2,h,E9EDF0F2
JFILbiltSigmoid_005,uint8,4,h,D6DCE1E6,h,D6DCE1E6,h,D6DCE1E6
JFILbiltSigmoid_006,uint8,4,h,B6BFC7CF,h,B6BFC7CF,h,B6BFC7CF
JFILbiltSigmoid_007,uint8,4,h,8B97A2AC,h,8B97A2AC,h,8B97A2AC
JFILbiltSigmoid_008,uint8,4,h,5D687480,h,5D687480,h,5D687480
JFILbiltSigmoid_009,uint8,4,h,38404953,h,38404953,h,38404953
JFILbiltSigmoid_010,uint8,4,h,1E232930,h,1E232930,h,1E232930
JFILbiltSigmoid_011,uint8,4,h,0F121619,h,0F121619,h,0F121619
JFILbiltSigmoid_012,uint8,4,h,07090B0D,h,07090B0D,h,07090B0D
JFILbiltSigmoid_013,uint8,4,h,03040506,h,03040506,h,03040506
JFILbiltSigmoid_014,uint8,4,h,01020203,h,01020203,h,01020203
JFILbiltSigmoid_015,uint8,4,h,00010101,h,00010101,h,00010101
JFILdnnWeights_000,uint32,1,h,0003F000,h,0003F000,h,0003F000
JFILdnnWeights_001,uint32,1,h,00000000,h,00000000,h,00000000
JFILdnnWeights_002,uint32,1,h,00000000,h,00000000,h,00000000
JFILdnnWeights_003,uint32,1,h,00000000,h,00000000,h,00000000
JFILdnnWeights_004,uint32,1,h,00000000,h,00000000,h,00000000
JFILdnnWeights_005,uint32,1,h,00000000,h,00000000,h,00000000
JFILdnnWeights_006,uint32,1,h,00000000,h,00000000,h,00000000
JFILdnnWeights_007,uint32,1,h,00000000,h,00000000,h,00000000
JFILdnnWeights_008,uint32,1,h,00000000,h,00000000,h,00000000
JFILdnnWeights_009,uint32,1,h,00000000,h,00000000,h,00000000
JFILdnnWeights_010,uint32,1,h,00000000,h,00000000,h,00000000
JFILdnnWeights_011,uint32,1,h,00000000,h,00000000,h,00000000
JFILdnnWeights_012,uint32,1,h,00000000,h,00000000,h,00000000
JFILdnnWeights_013,uint32,1,h,00000000,h,00000000,h,00000000
JFILdnnWeights_014,uint32,1,h,00000000,h,00000000,h,00000000
JFILdnnWeights_015,uint32,1,h,00000000,h,00000000,h,00000000
JFILdnnWeights_016,uint32,1,h,00000000,h,00000000,h,00000000
JFILdnnWeights_017,uint32,1,h,00000000,h,00000000,h,00000000
JFILdnnWeights_018,uint32,1,h,00000000,h,00000000,h,00000000
JFILdnnWeights_019,uint32,1,h,00000000,h,00000000,h,00000000
JFILdnnWeights_020,uint32,1,h,00000000,h,00000000,h,00000000
JFILdnnWeights_021,uint32,1,h,00000000,h,00000000,h,00000000
JFILdnnWeights_022,uint32,1,h,00000000,h,00000000,h,00000000
JFILdnnWeights_023,uint32,1,h,00000000,h,00000000,h,00000000
JFILdnnWeights_024,uint32,1,h,00000000,h,00000000,h,00000000
JFILdnnWeights_025,uint32,1,h,00000000,h,00000000,h,00000000
JFILdnnWeights_026,uint32,1,h,00000000,h,00000000,h,00000000
JFILdnnWeights_027,uint32,1,h,00000000,h,00000000,h,00000000
JFILdnnWeights_028,uint32,1,h,00000000,h,00000000,h,00000000
JFILdnnWeights_029,uint32,1,h,00000000,h,00000000,h,00000000
JFILdnnWeights_030,uint32,1,h,00000000,h,00000000,h,00000000
JFILdnnWeights_031,uint32,1,h,00000000,h,00000000,h,00000000
JFILdnnWeights_032,uint32,1,h,00000000,h,00000000,h,00000000
JFILdnnWeights_033,uint32,1,h,00000000,h,00000000,h,00000000
JFILdnnWeights_034,uint32,1,h,00000000,h,00000000,h,00000000
JFILdnnWeights_035,uint32,1,h,00000000,h,00000000,h,00000000
JFILdnnWeights_036,uint32,1,h,00000000,h,00000000,h,00000000
JFILdnnWeights_037,uint32,1,h,00000000,h,00000000,h,00000000
JFILdnnWeights_038,uint32,1,h,00000000,h,00000000,h,00000000
JFILdnnWeights_039,uint32,1,h,00000000,h,00000000,h,00000000
JFILdnnWeights_040,uint32,1,h,00000000,h,00000000,h,00000000
JFILdnnWeights_041,uint32,1,h,00000000,h,00000000,h,00000000
JFILdnnWeights_042,uint32,1,h,00000000,h,00000000,h,00000000
JFILdnnWeights_043,uint32,1,h,00000000,h,00000000,h,00000000
JFILdnnWeights_044,uint32,1,h,00000000,h,00000000,h,00000000
JFILdnnWeights_045,uint32,1,h,00000000,h,00000000,h,00000000
JFILdnnWeights_046,uint32,1,h,00000000,h,00000000,h,00000000
JFILdnnWeights_047,uint32,1,h,00000000,h,00000000,h,00000000
JFILdnnWeights_048,uint32,1,h,00000000,h,00000000,h,00000000
JFILdnnWeights_049,uint32,1,h,00000000,h,00000000,h,00000000
JFILdnnWeights_050,uint32,1,h,00000000,h,00000000,h,00000000
JFILdnnWeights_051,uint32,1,h,00000000,h,00000000,h,00000000
JFILdnnWeights_052,uint32,1,h,00000000,h,00000000,h,00000000
JFILdnnWeights_053,uint32,1,h,00000000,h,00000000,h,00000000
JFILdnnWeights_054,uint32,1,h,00000000,h,00000000,h,00000000
JFILdnnWeights_055,uint32,1,h,00000000,h,00000000,h,00000000
JFILdnnWeights_056,uint32,1,h,00000000,h,00000000,h,00000000
JFILdnnWeights_057,uint32,1,h,00000000,h,00000000,h,00000000
JFILdnnWeights_058,uint32,1,h,00000000,h,00000000,h,00000000
JFILdnnWeights_059,uint32,1,h,00000000,h,00000000,h,00000000
JFILdnnWeights_060,uint32,1,h,00000000,h,00000000,h,00000000
JFILdnnWeights_061,uint32,1,h,00000000,h,00000000,h,00000000
JFILdnnWeights_062,uint32,1,h,00000000,h,00000000,h,00000000
JFILdnnWeights_063,uint32,1,h,00000000,h,00000000,h,00000000
JFILdnnWeights_064,uint32,1,h,00000000,h,00000000,h,00000000
JFILdnnWeights_065,uint32,1,h,00000000,h,00000000,h,00000000
JFILdnnWeights_066,uint32,1,h,00000000,h,00000000,h,00000000
JFILdnnWeights_067,uint32,1,h,00000000,h,00000000,h,00000000
JFILdnnWeights_068,uint32,1,h,00000000,h,00000000,h,00000000
JFILdnnWeights_069,uint32,1,h,00000000,h,00000000,h,00000000
JFILdnnWeights_070,uint32,1,h,00000000,h,00000000,h,00000000
JFILdnnWeights_071,uint32,1,h,00000000,h,00000000,h,00000000
JFILdnnWeights_072,uint32,1,h,00000000,h,00000000,h,00000000
JFILdnnWeights_073,uint32,1,h,00000000,h,00000000,h,00000000
JFILdnnWeights_074,uint32,1,h,00000000,h,00000000,h,00000000
JFILdnnWeights_075,uint32,1,h,00000000,h,00000000,h,00000000
JFILdnnWeights_076,uint32,1,h,00000000,h,00000000,h,00000000
JFILdnnWeights_077,uint32,1,h,00000000,h,00000000,h,00000000
JFILdnnWeights_078,uint32,1,h,00000000,h,00000000,h,00000000
JFILdnnWeights_079,uint32,1,h,00000000,h,00000000,h,00000000
JFILdnnWeights_080,uint32,1,h,00000000,h,00000000,h,00000000
JFILdnnWeights_081,uint32,1,h,00000000,h,00000000,h,00000000
JFILdnnWeights_082,uint32,1,h,00000000,h,00000000,h,00000000
JFILdnnWeights_083,uint32,1,h,00000000,h,00000000,h,00000000
JFILdnnWeights_084,uint32,1,h,00000000,h,00000000,h,00000000
JFILdnnWeights_085,uint32,1,h,00000000,h,00000000,h,00000000
JFILdnnWeights_086,uint32,1,h,00000000,h,00000000,h,00000000
JFILdnnWeights_087,uint32,1,h,00000000,h,00000000,h,00000000
JFILdnnWeights_088,uint32,1,h,00000000,h,00000000,h,00000000
JFILdnnWeights_089,uint32,1,h,00000000,h,00000000,h,00000000
JFILdnnWeights_090,uint32,1,h,00000000,h,00000000,h,00000000
JFILdnnWeights_091,uint32,1,h,00000000,h,00000000,h,00000000
JFILdnnWeights_092,uint32,1,h,00000000,h,00000000,h,00000000
JFILdnnWeights_093,uint32,1,h,00000000,h,00000000,h,00000000
JFILdnnWeights_094,uint32,1,h,00000000,h,00000000,h,00000000
JFILdnnWeights_095,uint32,1,h,00000000,h,00000000,h,00000000
JFILdnnWeights_096,uint32,1,h,00000000,h,00000000,h,00000000
JFILdnnWeights_097,uint32,1,h,00000000,h,00000000,h,00000000
JFILdnnWeights_098,uint32,1,h,00000000,h,00000000,h,00000000
JFILdnnWeights_099,uint32,1,h,00000000,h,00000000,h,00000000
JFILdnnWeights_100,uint32,1,h,00000000,h,00000000,h,00000000
JFILdnnWeights_101,uint32,1,h,00000000,h,00000000,h,00000000
JFILdnnWeights_102,uint32,1,h,00000000,h,00000000,h,00000000
JFILdnnWeights_103,uint32,1,h,00000000,h,00000000,h,00000000
JFILdnnWeights_104,uint32,1,h,00000000,h,00000000,h,00000000
JFILdnnWeights_105,uint32,1,h,00000000,h,00000000,h,00000000
JFILdnnWeights_106,uint32,1,h,00000000,h,00000000,h,00000000
JFILdnnWeights_107,uint32,1,h,00000000,h,00000000,h,00000000
JFILdnnWeights_108,uint32,1,h,00000000,h,00000000,h,00000000
JFILdnnWeights_109,uint32,1,h,00000000,h,00000000,h,00000000
JFILdnnWeights_110,uint32,1,h,00000000,h,00000000,h,00000000
JFILdnnWeights_111,uint32,1,h,00000000,h,00000000,h,00000000
JFILdnnWeights_112,uint32,1,h,00000000,h,00000000,h,00000000
JFILdnnWeights_113,uint32,1,h,00000000,h,00000000,h,00000000
JFILdnnWeights_114,uint32,1,h,00000000,h,00000000,h,00000000
JFILdnnWeights_115,uint32,1,h,00000000,h,00000000,h,00000000
JFILdnnWeights_116,uint32,1,h,00000000,h,00000000,h,00000000
JFILdnnWeights_117,uint32,1,h,00000000,h,00000000,h,00000000
JFILdnnWeights_118,uint32,1,h,00000000,h,00000000,h,00000000
JFILdnnWeights_119,uint32,1,h,00000000,h,00000000,h,00000000
JFILdnnWeights_120,uint32,1,h,00000000,h,00000000,h,00000000
JFILdnnWeights_121,uint32,1,h,00000000,h,00000000,h,00000000
JFILdnnWeights_122,uint32,1,h,00000000,h,00000000,h,00000000
JFILdnnWeights_123,uint32,1,h,00000000,h,00000000,h,00000000
JFILdnnWeights_124,uint32,1,h,00000000,h,00000000,h,00000000
JFILdnnWeights_125,uint32,1,h,00000000,h,00000000,h,00000000
JFILdnnWeights_126,uint32,1,h,00000000,h,00000000,h,00000000
JFILdnnWeights_127,uint32,1,h,00000000,h,00000000,h,00000000
JFILdnnWeights_128,uint32,1,h,00000000,h,00000000,h,00000000
JFILdnnWeights_129,uint32,1,h,00000000,h,00000000,h,00000000
JFILdnnWeights_130,uint32,1,h,00000000,h,00000000,h,00000000
JFILdnnWeights_131,uint32,1,h,00000000,h,00000000,h,00000000
JFILdnnWeights_132,uint32,1,h,00000000,h,00000000,h,00000000
JFILdnnWeights_133,uint32,1,h,00000000,h,00000000,h,00000000
JFILdnnWeights_134,uint32,1,h,00000000,h,00000000,h,00000000
JFILdnnWeights_135,uint32,1,h,00000000,h,00000000,h,00000000
JFILdnnWeights_136,uint32,1,h,00000000,h,00000000,h,00000000
JFILdnnWeights_137,uint32,1,h,00000000,h,00000000,h,00000000
JFILdnnWeights_138,uint32,1,h,00000000,h,00000000,h,00000000
JFILdnnWeights_139,uint32,1,h,00000000,h,00000000,h,00000000
JFILdnnWeights_140,uint32,1,h,00000000,h,00000000,h,00000000
JFILdnnWeights_141,uint32,1,h,00000000,h,00000000,h,00000000
JFILdnnWeights_142,uint32,1,h,00000000,h,00000000,h,00000000
JFILdnnWeights_143,uint32,1,h,00000000,h,00000000,h,00000000
JFILdnnWeights_144,uint32,1,h,00000000,h,00000000,h,00000000
JFILdnnWeights_145,uint32,1,h,00000000,h,00000000,h,00000000
JFILdnnWeights_146,uint32,1,h,00000000,h,00000000,h,00000000
JFILdnnWeights_147,uint32,1,h,00000000,h,00000000,h,00000000
JFILdnnWeights_148,uint32,1,h,00000000,h,00000000,h,00000000
JFILdnnWeights_149,uint32,1,h,00000000,h,00000000,h,00000000
JFILdnnWeights_150,uint32,1,h,00000000,h,00000000,h,00000000
JFILdnnWeights_151,uint32,1,h,00000000,h,00000000,h,00000000
JFILdnnWeights_152,uint32,1,h,00000000,h,00000000,h,00000000
JFILdnnWeights_153,uint32,1,h,00000000,h,00000000,h,00000000
JFILdnnWeights_154,uint32,1,h,00000000,h,00000000,h,00000000
JFILdnnWeights_155,uint32,1,h,00000000,h,00000000,h,00000000
JFILdnnWeights_156,uint32,1,h,00000000,h,00000000,h,00000000
JFILdnnWeights_157,uint32,1,h,00000000,h,00000000,h,00000000
JFILdnnWeights_158,uint32,1,h,00000000,h,00000000,h,00000000
JFILdnnWeights_159,uint32,1,h,00000000,h,00000000,h,00000000
JFILdnnWeights_160,uint32,1,h,00000000,h,00000000,h,00000000
JFILdnnWeights_161,uint32,1,h,00000000,h,00000000,h,00000000
JFILdnnWeights_162,uint32,1,h,00000000,h,00000000,h,00000000
JFILdnnWeights_163,uint32,1,h,00000000,h,00000000,h,00000000
JFILdnnWeights_164,uint32,1,h,00000000,h,00000000,h,00000000
JFILdnnWeights_165,uint32,1,h,00000000,h,00000000,h,00000000
JFILdnnWeights_166,uint32,1,h,00000000,h,00000000,h,00000000
JFILdnnWeights_167,uint32,1,h,00000000,h,00000000,h,00000000
JFILdnnWeights_168,uint32,1,h,00000000,h,00000000,h,00000000
JFILdnnWeights_169,uint32,1,h,00000000,h,00000000,h,00000000
JFILdnnWeights_170,uint32,1,h,00000000,h,00000000,h,00000000
JFILdnnWeights_171,uint32,1,h,00000000,h,00000000,h,00000000
JFILdnnWeights_172,uint32,1,h,00000000,h,00000000,h,00000000
JFILdnnWeights_173,uint32,1,h,00000000,h,00000000,h,00000000
JFILdnnWeights_174,uint32,1,h,00000000,h,00000000,h,00000000
JFILdnnWeights_175,uint32,1,h,00000000,h,00000000,h,00000000
JFILdnnWeights_176,uint32,1,h,00000000,h,00000000,h,00000000
JFILdnnWeights_177,uint32,1,h,00000000,h,00000000,h,00000000
JFILdnnWeights_178,uint32,1,h,00000000,h,00000000,h,00000000
JFILdnnWeights_179,uint32,1,h,00000000,h,00000000,h,00000000
JFILdnnWeights_180,uint32,1,h,00000000,h,00000000,h,00000000
JFILdnnWeights_181,uint32,1,h,00000000,h,00000000,h,00000000
JFILdnnWeights_182,uint32,1,h,00000000,h,00000000,h,00000000
JFILdnnWeights_183,uint32,1,h,00000000,h,00000000,h,00000000
JFILdnnWeights_184,uint32,1,h,00000000,h,00000000,h,00000000
JFILdnnWeights_185,uint32,1,h,00000000,h,00000000,h,00000000
JFILdnnWeights_186,uint32,1,h,00000000,h,00000000,h,00000000
JFILdnnWeights_187,uint32,1,h,00000000,h,00000000,h,00000000
JFILdnnWeights_188,uint32,1,h,00000000,h,00000000,h,00000000
JFILdnnWeights_189,uint32,1,h,00000000,h,00000000,h,00000000
JFILdnnWeights_190,uint32,1,h,00000000,h,00000000,h,00000000
JFILdnnWeights_191,uint32,1,h,00000000,h,00000000,h,00000000
JFILdnnWeights_192,uint32,1,h,00000000,h,00000000,h,00000000
JFILdnnWeights_193,uint32,1,h,00000000,h,00000000,h,00000000
JFILdnnWeights_194,uint32,1,h,00000000,h,00000000,h,00000000
JFILdnnWeights_195,uint32,1,h,00000000,h,00000000,h,00000000
JFILdnnWeights_196,uint32,1,h,00000000,h,00000000,h,00000000
JFILdnnWeights_197,uint32,1,h,00000000,h,00000000,h,00000000
JFILdnnWeights_198,uint32,1,h,00000000,h,00000000,h,00000000
JFILdnnWeights_199,uint32,1,h,00000000,h,00000000,h,00000000
JFILdnnWeights_200,uint32,1,h,00000000,h,00000000,h,00000000
JFILdnnWeights_201,uint32,1,h,00000000,h,00000000,h,00000000
JFILdnnWeights_202,uint32,1,h,00000000,h,00000000,h,00000000
JFILdnnWeights_203,uint32,1,h,00000000,h,00000000,h,00000000
JFILdnnWeights_204,uint32,1,h,00000000,h,00000000,h,00000000
JFILdnnWeights_205,uint32,1,h,00000000,h,00000000,h,00000000
JFILdnnWeights_206,uint32,1,h,00000000,h,00000000,h,00000000
JFILdnnWeights_207,uint32,1,h,00000000,h,00000000,h,00000000
JFILdnnWeights_208,uint32,1,h,00000000,h,00000000,h,00000000
JFILdnnWeights_209,uint32,1,h,00000000,h,00000000,h,00000000
JFILdnnWeights_210,uint32,1,h,00000000,h,00000000,h,00000000
JFILdnnWeights_211,uint32,1,h,00000000,h,00000000,h,00000000
JFILdnnWeights_212,uint32,1,h,00000000,h,00000000,h,00000000
JFILdnnWeights_213,uint32,1,h,00000000,h,00000000,h,00000000
JFILdnnWeights_214,uint32,1,h,00000000,h,00000000,h,00000000
JFILdnnWeights_215,uint32,1,h,00000000,h,00000000,h,00000000
JFILdnnWeights_216,uint32,1,h,00000000,h,00000000,h,00000000
JFILdnnWeights_217,uint32,1,h,00000000,h,00000000,h,00000000
JFILdnnWeights_218,uint32,1,h,00000000,h,00000000,h,00000000
JFILdnnWeights_219,uint32,1,h,00000000,h,00000000,h,00000000
JFILdnnWeights_220,uint32,1,h,0003F000,h,0003F000,h,0003F000
JFILdnnWeights_221,uint32,1,h,00000000,h,00000000,h,00000000
JFILdnnWeights_222,uint32,1,h,00000000,h,00000000,h,00000000
JFILdnnWeights_223,uint32,1,h,00000000,h,00000000,h,00000000
JFILdnnWeights_224,uint32,1,h,00000000,h,00000000,h,00000000
JFILdnnWeights_225,uint32,1,h,00000000,h,00000000,h,00000000
JFILdnnWeights_226,uint32,1,h,00000000,h,00000000,h,00000000
JFILdnnWeights_227,uint32,1,h,00000000,h,00000000,h,00000000
JFILdnnWeights_228,uint32,1,h,00000000,h,00000000,h,00000000
JFILdnnWeights_229,uint32,1,h,00000000,h,00000000,h,00000000
JFILdnnWeights_230,uint32,1,h,00000000,h,00000000,h,00000000
JFILdnnWeights_231,uint32,1,h,00000000,h,00000000,h,00000000
JFILdnnWeights_232,uint32,1,h,00000000,h,00000000,h,00000000
JFILdnnWeights_233,uint32,1,h,00000000,h,00000000,h,00000000
JFILdnnWeights_234,uint32,1,h,00000000,h,00000000,h,00000000
JFILdnnWeights_235,uint32,1,h,00000000,h,00000000,h,00000000
JFILdnnWeights_236,uint32,1,h,00000000,h,00000000,h,00000000
JFILdnnWeights_237,uint32,1,h,00000000,h,00000000,h,00000000
JFILdnnWeights_238,uint32,1,h,00000000,h,00000000,h,00000000
JFILdnnWeights_239,uint32,1,h,00000000,h,00000000,h,00000000
JFILdnnWeights_240,uint32,1,h,00000000,h,00000000,h,00000000
JFILdnnWeights_241,uint32,1,h,00000000,h,00000000,h,00000000
JFILdnnWeights_242,uint32,1,h,00000000,h,00000000,h,00000000
JFILdnnWeights_243,uint32,1,h,00000000,h,00000000,h,00000000
JFILdnnWeights_244,uint32,1,h,00000000,h,00000000,h,00000000
JFILdnnWeights_245,uint32,1,h,00000000,h,00000000,h,00000000
JFILdnnWeights_246,uint32,1,h,00000000,h,00000000,h,00000000
JFILdnnWeights_247,uint32,1,h,00000000,h,00000000,h,00000000
JFILdnnWeights_248,uint32,1,h,00000000,h,00000000,h,00000000
JFILdnnWeights_249,uint32,1,h,00000000,h,00000000,h,00000000
JFILdnnWeights_250,uint32,1,h,00000000,h,00000000,h,00000000
JFILdnnWeights_251,uint32,1,h,00000000,h,00000000,h,00000000
JFILdnnWeights_252,uint32,1,h,00000000,h,00000000,h,00000000
JFILdnnWeights_253,uint32,1,h,00000000,h,00000000,h,00000000
JFILdnnWeights_254,uint32,1,h,00000000,h,00000000,h,00000000
JFILdnnWeights_255,uint32,1,h,00000000,h,00000000,h,00000000
JFILdnnWeights_256,uint32,1,h,00000000,h,00000000,h,00000000
JFILdnnWeights_257,uint32,1,h,00000000,h,00000000,h,00000000
JFILdnnWeights_258,uint32,1,h,00000000,h,00000000,h,00000000
JFILdnnWeights_259,uint32,1,h,00000000,h,00000000,h,00000000
JFILdnnWeights_260,uint32,1,h,00000000,h,00000000,h,00000000
JFILdnnWeights_261,uint32,1,h,00000000,h,00000000,h,00000000
JFILdnnWeights_262,uint32,1,h,00000000,h,00000000,h,00000000
JFILdnnWeights_263,uint32,1,h,00000000,h,00000000,h,00000000
JFILdnnWeights_264,uint32,1,h,00000000,h,00000000,h,00000000
JFILdnnWeights_265,uint32,1,h,00000000,h,00000000,h,00000000
JFILdnnWeights_266,uint32,1,h,00000000,h,00000000,h,00000000
JFILdnnWeights_267,uint32,1,h,00000000,h,00000000,h,00000000
JFILdnnWeights_268,uint32,1,h,00000000,h,00000000,h,00000000
JFILdnnWeights_269,uint32,1,h,00000000,h,00000000,h,00000000
JFILdnnWeights_270,uint32,1,h,0003F000,h,0003F000,h,0003F000
JFILdnnWeights_271,uint32,1,h,00000000,h,00000000,h,00000000
JFILdnnWeights_272,uint32,1,h,00000000,h,00000000,h,00000000
JFILdnnWeights_273,uint32,1,h,00000000,h,00000000,h,00000000
JFILdnnWeights_274,uint32,1,h,00000000,h,00000000,h,00000000
JFILdnnWeights_275,uint32,1,h,00000000,h,00000000,h,00000000
JFILdnnWeights_276,uint32,1,h,00000000,h,00000000,h,00000000
JFILdnnWeights_277,uint32,1,h,00000000,h,00000000,h,00000000
JFILdnnWeights_278,uint32,1,h,00000000,h,00000000,h,00000000
JFILdnnWeights_279,uint32,1,h,00000000,h,00000000,h,00000000
JFILdnnWeights_280,uint32,1,h,00000000,h,00000000,h,00000000
JFILdnnWeights_281,uint32,1,h,00000000,h,00000000,h,00000000
JFILdnnWeights_282,uint32,1,h,00000000,h,00000000,h,00000000
JFILdnnWeights_283,uint32,1,h,00000000,h,00000000,h,00000000
JFILdnnWeights_284,uint32,1,h,00000000,h,00000000,h,00000000
JFILdnnWeights_285,uint32,1,h,00000000,h,00000000,h,00000000
JFILdnnWeights_286,uint32,1,h,00000000,h,00000000,h,00000000
JFILdnnWeights_287,uint32,1,h,00000000,h,00000000,h,00000000
JFILdnnWeights_288,uint32,1,h,00000000,h,00000000,h,00000000
JFILdnnWeights_289,uint32,1,h,00000000,h,00000000,h,00000000
JFILdnnWeights_290,uint32,1,h,0003F000,h,0003F000,h,0003F000
JFILdnnWeights_291,uint32,1,h,00000000,h,00000000,h,00000000
JFILdnnWeights_292,uint32,1,h,00000000,h,00000000,h,00000000
JFILdnnWeights_293,uint32,1,h,00000000,h,00000000,h,00000000
JFILdnnWeights_294,uint32,1,h,00000000,h,00000000,h,00000000
JFILdnnWeights_295,uint32,1,h,00000000,h,00000000,h,00000000
JFILdnnWeights_296,uint32,1,h,00000000,h,00000000,h,00000000
JFILdnnWeights_297,uint32,1,h,00000000,h,00000000,h,00000000
JFILdnnWeights_298,uint32,1,h,00000000,h,00000000,h,00000000
JFILdnnWeights_299,uint32,1,h,00000000,h,00000000,h,00000000
JFILdnnWeights_300,uint32,1,h,00000000,h,00000000,h,00000000
JFILdnnWeights_301,uint32,1,h,00000000,h,00000000,h,00000000
JFILdnnWeights_302,uint32,1,h,00000000,h,00000000,h,00000000
JFILdnnWeights_303,uint32,1,h,00000000,h,00000000,h,00000000
JFILdnnWeights_304,uint32,1,h,00000000,h,00000000,h,00000000
JFILdnnWeights_305,uint32,1,h,00000000,h,00000000,h,00000000
JFILdnnWeights_306,uint32,1,h,00000000,h,00000000,h,00000000
JFILdnnWeights_307,uint32,1,h,00000000,h,00000000,h,00000000
JFILdnnWeights_308,uint32,1,h,00000000,h,00000000,h,00000000
JFILdnnWeights_309,uint32,1,h,00000000,h,00000000,h,00000000
JFILdnnWeights_310,uint32,1,h,00000000,h,00000000,h,00000000
JFILdnnWeights_311,uint32,1,h,00000000,h,00000000,h,00000000
JFILdnnWeights_312,uint32,1,h,00000000,h,00000000,h,00000000
JFILdnnWeights_313,uint32,1,h,00000000,h,00000000,h,00000000
JFILdFeatures_000,uint32,1,h,00000000,h,00000000,h,00000000
JFILdFeatures_001,uint32,1,h,0E0E0000,h,0E0E0000,h,0E0E0000
JFILdFeatures_002,uint32,1,h,0E00000E,h,0E00000E,h,0E00000E
JFILdFeatures_003,uint32,1,h,00000E10,h,00000E10,h,00000E10
JFILdFeatures_004,uint32,1,h,000E0E0E,h,000E0E0E,h,000E0E0E
JFILdFeatures_005,uint32,1,h,00000000,h,00000000,h,00000000
JFILdFeatures_006,uint32,1,h,00000000,h,00000000,h,00000000
JFILdFeatures_007,uint32,1,h,00000000,h,00000000,h,00000000
JFILdFeatures_008,uint32,1,h,0B010000,h,0B010000,h,0B010000
JFILdFeatures_009,uint32,1,h,0B000001,h,0B000001,h,0B000001
JFILdFeatures_010,uint32,1,h,00000B4F,h,00000B4F,h,00000B4F
JFILdFeatures_011,uint32,1,h,00010B01,h,00010B01,h,00010B01
JFILdFeatures_012,uint32,1,h,00000000,h,00000000,h,00000000
JFILdFeatures_013,uint32,1,h,00000000,h,00000000,h,00000000
JFILdFeatures_014,uint32,1,h,00000000,h,00000000,h,00000000
JFILdFeatures_015,uint32,1,h,0D030000,h,0D030000,h,0D030000
JFILdFeatures_016,uint32,1,h,0D000003,h,0D000003,h,0D000003
JFILdFeatures_017,uint32,1,h,00000DC0,h,00000DC0,h,00000DC0
JFILdFeatures_018,uint32,1,h,00030D03,h,00030D03,h,00030D03
JFILdFeatures_019,uint32,1,h,00000000,h,00000000,h,00000000
JFILdFeatures_020,uint32,1,h,00000000,h,00000000,h,00000000
JFILdFeatures_021,uint32,1,h,00000000,h,00000000,h,00000000
JFILdFeatures_022,uint32,1,h,0B010000,h,0B010000,h,0B010000
JFILdFeatures_023,uint32,1,h,0B000001,h,0B000001,h,0B000001
JFILdFeatures_024,uint32,1,h,00000B4F,h,00000B4F,h,00000B4F
JFILdFeatures_025,uint32,1,h,00010B01,h,00010B01,h,00010B01
JFILdFeatures_026,uint32,1,h,00000000,h,00000000,h,00000000
JFILdFeatures_027,uint32,1,h,00000000,h,00000000,h,00000000
JFILdFeatures_028,uint32,1,h,05050505,h,05050505,h,05050505
JFILdFeatures_029,uint32,1,h,05050505,h,05050505,h,05050505
JFILdFeatures_030,uint32,1,h,05050505,h,05050505,h,05050505
JFILdFeatures_031,uint32,1,h,05050507,h,05050507,h,05050507
JFILdFeatures_032,uint32,1,h,05050505,h,05050505,h,05050505
JFILdFeatures_033,uint32,1,h,05050505,h,05050505,h,05050505
JFILdFeatures_034,uint32,1,h,00000005,h,00000005,h,00000005
JFILdFeatures_035,uint32,1,h,01010101,h,01010101,h,01010101
JFILdFeatures_036,uint32,1,h,09040101,h,09040101,h,09040101
JFILdFeatures_037,uint32,1,h,09010104,h,09010104,h,09010104
JFILdFeatures_038,uint32,1,h,010109BC,h,010109BC,h,010109BC
JFILdFeatures_039,uint32,1,h,01040904,h,01040904,h,01040904
JFILdFeatures_040,uint32,1,h,01010101,h,01010101,h,01010101
JFILdFeatures_041,uint32,1,h,00000001,h,00000001,h,00000001
JFILdFeatures_042,uint32,1,h,F8000804,h,F8000804,h,F8000804
JFILdFeatures_043,uint32,1,h,000804FC,h,000804FC,h,000804FC
JFILdFeatures_044,uint32,1,h,0804FCF8,h,0804FCF8,h,0804FCF8
JFILdFeatures_045,uint32,1,h,04FCF800,h,04FCF800,h,04FCF800
JFILdFeatures_046,uint32,1,h,FCF80008,h,FCF80008,h,FCF80008
JFILdFeatures_047,uint32,1,h,F8000804,h,F8000804,h,F8000804
JFILdFeatures_048,uint32,1,h,000000FC,h,000000FC,h,000000FC
JFILdFeatures_049,uint32,1,h,04040404,h,04040404,h,04040404
JFILdFeatures_050,uint32,1,h,08080804,h,08080804,h,08080804
JFILdFeatures_051,uint32,1,h,00000808,h,00000808,h,00000808
JFILdFeatures_052,uint32,1,h,F8000000,h,F8000000,h,F8000000
JFILdFeatures_053,uint32,1,h,F8F8F8F8,h,F8F8F8F8,h,F8F8F8F8
JFILdFeatures_054,uint32,1,h,FCFCFCFC,h,FCFCFCFC,h,FCFCFCFC
JFILdFeatures_055,uint32,1,h,000000FC,h,000000FC,h,000000FC
JFILiFeatures_000,uint32,1,h,00000000,h,00000000,h,00000000
JFILiFeatures_001,uint32,1,h,0E0E0000,h,0E0E0000,h,0E0E0000
JFILiFeatures_002,uint32,1,h,0E00000E,h,0E00000E,h,0E00000E
JFILiFeatures_003,uint32,1,h,00000E0F,h,00000E0F,h,00000E0F
JFILiFeatures_004,uint32,1,h,000E0E0E,h,000E0E0E,h,000E0E0E
JFILiFeatures_005,uint32,1,h,00000000,h,00000000,h,00000000
JFILiFeatures_006,uint32,1,h,00000000,h,00000000,h,00000000
JFILiFeatures_007,uint32,1,h,00000000,h,00000000,h,00000000
JFILiFeatures_008,uint32,1,h,0D030000,h,0D030000,h,0D030000
JFILiFeatures_009,uint32,1,h,0D000003,h,0D000003,h,0D000003
JFILiFeatures_010,uint32,1,h,00000DC0,h,00000DC0,h,00000DC0
JFILiFeatures_011,uint32,1,h,00030D03,h,00030D03,h,00030D03
JFILiFeatures_012,uint32,1,h,00000000,h,00000000,h,00000000
JFILiFeatures_013,uint32,1,h,00000000,h,00000000,h,00000000
JFILgamma_000,uint8,4,h,0C080400,h,0C080400,h,0C080400
JFILgamma_001,uint8,4,h,1C181410,h,1C181410,h,1C181410
JFILgamma_002,uint8,4,h,2C282420,h,2C282420,h,2C282420
JFILgamma_003,uint8,4,h,3C383430,h,3C383430,h,3C383430
JFILgamma_004,uint8,4,h,4C484440,h,4C484440,h,4C484440
JFILgamma_005,uint8,4,h,5C585450,h,5C585450,h,5C585450
JFILgamma_006,uint8,4,h,6C686460,h,6C686460,h,6C686460
JFILgamma_007,uint8,4,h,7C787470,h,7C787470,h,7C787470
JFILgamma_008,uint8,4,h,8B878380,h,8B878380,h,8B878380
JFILgamma_009,uint8,4,h,9B97938F,h,9B97938F,h,9B97938F
JFILgamma_010,uint8,4,h,ABA7A39F,h,ABA7A39F,h,ABA7A39F
JFILgamma_011,uint8,4,h,BBB7B3AF,h,BBB7B3AF,h,BBB7B3AF
JFILgamma_012,uint8,4,h,CBC7C3BF,h,CBC7C3BF,h,CBC7C3BF
JFILgamma_013,uint8,4,h,DBD7D3CF,h,DBD7D3CF,h,DBD7D3CF
JFILgamma_014,uint8,4,h,EBE7E3DF,h,EBE7E3DF,h,EBE7E3DF
JFILgamma_015,uint8,4,h,FBF7F3EF,h,FBF7F3EF,h,FBF7F3EF
JFILgamma_016,uint8,4,h,000000FF,h,000000FF,h,000000FF
JFILgrad1ThrFactor_000,uint8,4,h,1F1F1F1F,h,1F1F1F1F,h,1F1F1F1F
JFILgrad1ThrFactor_001,uint8,4,h,1F1F1F1F,h,1F1F1F1F,h,1F1F1F1F
JFILgrad1ThrFactor_002,uint8,4,h,1F1F1F1F,h,1F1F1F1F,h,1F1F1F1F
JFILgrad1ThrFactor_003,uint8,4,h,1F1F1F1F,h,1F1F1F1F,h,1F1F1F1F
JFILgrad1ThrFactor_004,uint8,4,h,23222120,h,23222120,h,23222120
JFILgrad1ThrFactor_005,uint8,4,h,27262524,h,27262524,h,27262524
JFILgrad1ThrFactor_006,uint8,4,h,2B2A2928,h,2B2A2928,h,2B2A2928
JFILgrad1ThrFactor_007,uint8,4,h,2F2E2D2C,h,2F2E2D2C,h,2F2E2D2C
JFILgrad1ThrFactor_008,uint8,4,h,33323130,h,33323130,h,33323130
JFILgrad1ThrFactor_009,uint8,4,h,37363534,h,37363534,h,37363534
JFILgrad1ThrFactor_010,uint8,4,h,3B3A3938,h,3B3A3938,h,3B3A3938
JFILgrad1ThrFactor_011,uint8,4,h,3F3E3D3C,h,3F3E3D3C,h,3F3E3D3C
JFILgrad1ThrFactor_012,uint8,4,h,3F3F3F3F,h,3F3F3F3F,h,3F3F3F3F
JFILgrad1ThrFactor_013,uint8,4,h,3F3F3F3F,h,3F3F3F3F,h,3F3F3F3F
JFILgrad1ThrFactor_014,uint8,4,h,3F3F3F3F,h,3F3F3F3F,h,3F3F3F3F
JFILgrad1ThrFactor_015,uint8,4,h,3F3F3F3F,h,3F3F3F3F,h,3F3F3F3F
JFILgrad2ThrFactor_000,uint8,4,h,1F1F1F1F,h,1F1F1F1F,h,1F1F1F1F
JFILgrad2ThrFactor_001,uint8,4,h,1F1F1F1F,h,1F1F1F1F,h,1F1F1F1F
JFILgrad2ThrFactor_002,uint8,4,h,1F1F1F1F,h,1F1F1F1F,h,1F1F1F1F
JFILgrad2ThrFactor_003,uint8,4,h,1F1F1F1F,h,1F1F1F1F,h,1F1F1F1F
JFILgrad2ThrFactor_004,uint8,4,h,23222120,h,23222120,h,23222120
JFILgrad2ThrFactor_005,uint8,4,h,27262524,h,27262524,h,27262524
JFILgrad2ThrFactor_006,uint8,4,h,2B2A2928,h,2B2A2928,h,2B2A2928
JFILgrad2ThrFactor_007,uint8,4,h,2F2E2D2C,h,2F2E2D2C,h,2F2E2D2C
JFILgrad2ThrFactor_008,uint8,4,h,33323130,h,33323130,h,33323130
JFILgrad2ThrFactor_009,uint8,4,h,37363534,h,37363534,h,37363534
JFILgrad2ThrFactor_010,uint8,4,h,3B3A3938,h,3B3A3938,h,3B3A3938
JFILgrad2ThrFactor_011,uint8,4,h,3F3E3D3C,h,3F3E3D3C,h,3F3E3D3C
JFILgrad2ThrFactor_012,uint8,4,h,3F3F3F3F,h,3F3F3F3F,h,3F3F3F3F
JFILgrad2ThrFactor_013,uint8,4,h,3F3F3F3F,h,3F3F3F3F,h,3F3F3F3F
JFILgrad2ThrFactor_014,uint8,4,h,3F3F3F3F,h,3F3F3F3F,h,3F3F3F3F
JFILgrad2ThrFactor_015,uint8,4,h,3F3F3F3F,h,3F3F3F3F,h,3F3F3F3F
JFILinnWeights_000,uint32,1,h,00000000,h,00000000,h,00000000
JFILinnWeights_001,uint32,1,h,00000000,h,00000000,h,00000000
JFILinnWeights_002,uint32,1,h,00000000,h,00000000,h,00000000
JFILinnWeights_003,uint32,1,h,00000000,h,00000000,h,00000000
JFILinnWeights_004,uint32,1,h,00000000,h,00000000,h,00000000
JFILinnWeights_005,uint32,1,h,00000000,h,00000000,h,00000000
JFILinnWeights_006,uint32,1,h,0003D555,h,0003D555,h,0003D555
JFILinnWeights_007,uint32,1,h,0003D555,h,0003D555,h,0003D555
JFILinnWeights_008,uint32,1,h,0003D555,h,0003D555,h,0003D555
JFILinnWeights_009,uint32,1,h,00000000,h,00000000,h,00000000
JFILinnWeights_010,uint32,1,h,00000000,h,00000000,h,00000000
JFILinnWeights_011,uint32,1,h,00000000,h,00000000,h,00000000
JFILinnWeights_012,uint32,1,h,00000000,h,00000000,h,00000000
JFILinnWeights_013,uint32,1,h,00000000,h,00000000,h,00000000
JFILinnWeights_014,uint32,1,h,00000000,h,00000000,h,00000000
JFILinnWeights_015,uint32,1,h,00000000,h,00000000,h,00000000
JFILinnWeights_016,uint32,1,h,0003F000,h,0003F000,h,0003F000
JFILinnWeights_017,uint32,1,h,00000000,h,00000000,h,00000000
JFILinnWeights_018,uint32,1,h,00000000,h,00000000,h,00000000
JFILinnWeights_019,uint32,1,h,00000000,h,00000000,h,00000000
JFILinnWeights_020,uint32,1,h,00000000,h,00000000,h,00000000
JFILinnWeights_021,uint32,1,h,00000000,h,00000000,h,00000000
JFILinnWeights_022,uint32,1,h,00000000,h,00000000,h,00000000
JFILinnWeights_023,uint32,1,h,00000000,h,00000000,h,00000000
JFILinnWeights_024,uint32,1,h,00000000,h,00000000,h,00000000
JFILinnWeights_025,uint32,1,h,00000000,h,00000000,h,00000000
JFILinnWeights_026,uint32,1,h,00000000,h,00000000,h,00000000
JFILinnWeights_027,uint32,1,h,00000000,h,00000000,h,00000000
JFILinnWeights_028,uint32,1,h,00000000,h,00000000,h,00000000
JFILinnWeights_029,uint32,1,h,00000000,h,00000000,h,00000000
JFILinnWeights_030,uint32,1,h,00000000,h,00000000,h,00000000
JFILinnWeights_031,uint32,1,h,00000000,h,00000000,h,00000000
JFILinnWeights_032,uint32,1,h,00000000,h,00000000,h,00000000
JFILinnWeights_033,uint32,1,h,00000000,h,00000000,h,00000000
JFILinnWeights_034,uint32,1,h,00000000,h,00000000,h,00000000
JFILinnWeights_035,uint32,1,h,00000000,h,00000000,h,00000000
JFILinnWeights_036,uint32,1,h,00000000,h,00000000,h,00000000
JFILinnWeights_037,uint32,1,h,00000000,h,00000000,h,00000000
JFILinnWeights_038,uint32,1,h,00000000,h,00000000,h,00000000
JFILinnWeights_039,uint32,1,h,00000000,h,00000000,h,00000000
JFILinnWeights_040,uint32,1,h,00000000,h,00000000,h,00000000
JFILinnWeights_041,uint32,1,h,00000000,h,00000000,h,00000000
JFILinnWeights_042,uint32,1,h,00000000,h,00000000,h,00000000
JFILinnWeights_043,uint32,1,h,00000000,h,00000000,h,00000000
JFILinnWeights_044,uint32,1,h,00000000,h,00000000,h,00000000
JFILinnWeights_045,uint32,1,h,00000000,h,00000000,h,00000000
JFILinnWeights_046,uint32,1,h,00000000,h,00000000,h,00000000
JFILinnWeights_047,uint32,1,h,00000000,h,00000000,h,00000000
JFILinnWeights_048,uint32,1,h,00000000,h,00000000,h,00000000
JFILinnWeights_049,uint32,1,h,00000000,h,00000000,h,00000000
JFILinnWeights_050,uint32,1,h,00000000,h,00000000,h,00000000
JFILinnWeights_051,uint32,1,h,00000000,h,00000000,h,00000000
JFILinnWeights_052,uint32,1,h,00000000,h,00000000,h,00000000
JFILinnWeights_053,uint32,1,h,00000000,h,00000000,h,00000000
JFILinnWeights_054,uint32,1,h,00000000,h,00000000,h,00000000
JFILinnWeights_055,uint32,1,h,00000000,h,00000000,h,00000000
JFILinnWeights_056,uint32,1,h,00000000,h,00000000,h,00000000
JFILinnWeights_057,uint32,1,h,00000000,h,00000000,h,00000000
JFILinnWeights_058,uint32,1,h,00000000,h,00000000,h,00000000
JFILinnWeights_059,uint32,1,h,00000000,h,00000000,h,00000000
JFILinnWeights_060,uint32,1,h,00000000,h,00000000,h,00000000
JFILinnWeights_061,uint32,1,h,00000000,h,00000000,h,00000000
JFILinnWeights_062,uint32,1,h,00000000,h,00000000,h,00000000
JFILinnWeights_063,uint32,1,h,00000000,h,00000000,h,00000000
JFILinnWeights_064,uint32,1,h,00000000,h,00000000,h,00000000
JFILinnWeights_065,uint32,1,h,00000000,h,00000000,h,00000000
JFILinnWeights_066,uint32,1,h,00000000,h,00000000,h,00000000
JFILinnWeights_067,uint32,1,h,00000000,h,00000000,h,00000000
JFILinnWeights_068,uint32,1,h,00000000,h,00000000,h,00000000
JFILinnWeights_069,uint32,1,h,00000000,h,00000000,h,00000000
JFILinnWeights_070,uint32,1,h,0003E666,h,0003E666,h,0003E666
JFILinnWeights_071,uint32,1,h,0003D333,h,0003D333,h,0003D333
JFILinnWeights_072,uint32,1,h,00000000,h,00000000,h,00000000
JFILinnWeights_073,uint32,1,h,00000000,h,00000000,h,00000000
JFILinnWeights_074,uint32,1,h,00000000,h,00000000,h,00000000
JFILinnWeights_075,uint32,1,h,00000000,h,00000000,h,00000000
JFILinnWeights_076,uint32,1,h,00000000,h,00000000,h,00000000
JFILinnWeights_077,uint32,1,h,00000000,h,00000000,h,00000000
JFILinnWeights_078,uint32,1,h,00000000,h,00000000,h,00000000
JFILinnWeights_079,uint32,1,h,00000000,h,00000000,h,00000000
JFILinnWeights_080,uint32,1,h,00000000,h,00000000,h,00000000
JFILinnWeights_081,uint32,1,h,00000000,h,00000000,h,00000000
JFILinnWeights_082,uint32,1,h,00000000,h,00000000,h,00000000
JFILinnWeights_083,uint32,1,h,00000000,h,00000000,h,00000000
JFILinnWeights_084,uint32,1,h,00000000,h,00000000,h,00000000
JFILinnWeights_085,uint32,1,h,0003F000,h,0003F000,h,0003F000
JFILinnWeights_086,uint32,1,h,00000000,h,00000000,h,00000000
JFILinnWeights_087,uint32,1,h,00000000,h,00000000,h,00000000
JFILinnWeights_088,uint32,1,h,00000000,h,00000000,h,00000000
JFILinnWeights_089,uint32,1,h,00000000,h,00000000,h,00000000
JFILinnWeights_090,uint32,1,h,00000000,h,00000000,h,00000000
JFILinnWeights_091,uint32,1,h,00000000,h,00000000,h,00000000
JFILinnWeights_092,uint32,1,h,00000000,h,00000000,h,00000000
JFILinnWeights_093,uint32,1,h,00000000,h,00000000,h,00000000
JFILinnWeights_094,uint32,1,h,00000000,h,00000000,h,00000000
JFILinnWeights_095,uint32,1,h,00000000,h,00000000,h,00000000
JFILinnWeights_096,uint32,1,h,00000000,h,00000000,h,00000000
JFILinvDepthConfidence_000,uint16,2,h,178B26D1,h,178B26D1,h,178B26D1
JFILinvDepthConfidence_001,uint16,2,h,08A90E48,h,08A90E48,h,08A90E48
JFILinvDepthConfidence_002,uint16,2,h,03300541,h,03300541,h,03300541
JFILinvDepthConfidence_003,uint16,2,h,012C01EF,h,012C01EF,h,012C01EF
JFILinvDepthConfidence_004,uint16,2,h,006E00B6,h,006E00B6,h,006E00B6
JFILinvDepthConfidence_005,uint16,2,h,00290043,h,00290043,h,00290043
JFILinvDepthConfidence_006,uint16,2,h,000F0019,h,000F0019,h,000F0019
JFILinvDepthConfidence_007,uint16,2,h,00000009,h,00000009,h,00000009
JFILsortInvMultiplication_000,uint16,2,h,04000000,h,04000000,h,04000000
JFILsortInvMultiplication_001,uint16,2,h,01550200,h,01550200,h,01550200
JFILsortInvMultiplication_002,uint16,2,h,00CD0100,h,00CD0100,h,00CD0100
JFILsortInvMultiplication_003,uint16,2,h,009200AB,h,009200AB,h,009200AB
JFILsortInvMultiplication_004,uint16,2,h,00000080,h,00000080,h,00000080
RASTbiltAdaptR_000,uint8,4,h,7C7F8387,h,7C7F8387,h,7C7F8387
RASTbiltAdaptR_001,uint8,4,h,6D707478,h,6D707478,h,6D707478
RASTbiltAdaptR_002,uint8,4,h,5E616569,h,5E616569,h,5E616569
RASTbiltAdaptR_003,uint8,4,h,5053575A,h,5053575A,h,5053575A
RASTbiltAdaptR_004,uint8,4,h,44474A4D,h,44474A4D,h,44474A4D
RASTbiltAdaptR_005,uint8,4,h,393C3E41,h,393C3E41,h,393C3E41
RASTbiltAdaptR_006,uint8,4,h,31333537,h,31333537,h,31333537
RASTbiltAdaptR_007,uint8,4,h,2A2C2D2F,h,2A2C2D2F,h,2A2C2D2F
RASTbiltAdaptR_008,uint8,4,h,25262829,h,25262829,h,25262829
RASTbiltAdaptR_009,uint8,4,h,21222324,h,21222324,h,21222324
RASTbiltAdaptR_010,uint8,4,h,1E1F2021,h,1E1F2021,h,1E1F2021
RASTbiltAdaptR_011,uint8,4,h,1C1D1D1E,h,1C1D1D1E,h,1C1D1D1E
RASTbiltAdaptR_012,uint8,4,h,1B1B1C1C,h,1B1B1C1C,h,1B1B1C1C
RASTbiltAdaptR_013,uint8,4,h,1A1A1A1A,h,1A1A1A1A,h,1A1A1A1A
RASTbiltAdaptR_014,uint8,4,h,19191919,h,19191919,h,19191919
RASTbiltAdaptR_015,uint8,4,h,18181919,h,18181919,h,18181919
RASTbiltSigmoid_000,uint8,4,h,FEFEFFFF,h,FEFEFFFF,h,FEFEFFFF
RASTbiltSigmoid_001,uint8,4,h,FDFDFEFE,h,FDFDFEFE,h,FDFDFEFE
RASTbiltSigmoid_002,uint8,4,h,FAFBFCFC,h,FAFBFCFC,h,FAFBFCFC
RASTbiltSigmoid_003,uint8,4,h,F4F6F8F9,h,F4F6F8F9,h,F4F6F8F9
RASTbiltSigmoid_004,uint8,4,h,E9EDF0F2,h,E9EDF0F2,h,E9EDF0F2
RASTbiltSigmoid_005,uint8,4,h,D6DCE1E6,h,D6DCE1E6,h,D6DCE1E6
RASTbiltSigmoid_006,uint8,4,h,B6BFC7CF,h,B6BFC7CF,h,B6BFC7CF
RASTbiltSigmoid_007,uint8,4,h,8B97A2AC,h,8B97A2AC,h,8B97A2AC
RASTbiltSigmoid_008,uint8,4,h,5D687480,h,5D687480,h,5D687480
RASTbiltSigmoid_009,uint8,4,h,38404953,h,38404953,h,38404953
RASTbiltSigmoid_010,uint8,4,h,1E232930,h,1E232930,h,1E232930
RASTbiltSigmoid_011,uint8,4,h,0F121619,h,0F121619,h,0F121619
RASTbiltSigmoid_012,uint8,4,h,07090B0D,h,07090B0D,h,07090B0D
RASTbiltSigmoid_013,uint8,4,h,03040506,h,03040506,h,03040506
RASTbiltSigmoid_014,uint8,4,h,01020203,h,01020203,h,01020203
RASTbiltSigmoid_015,uint8,4,h,00010101,h,00010101,h,00010101
RASTbiltSpat_000,uint8,4,h,1B1C1C1C,h,1B1C1C1C,h,1B1C1C1C
RASTbiltSpat_001,uint8,4,h,1A1A1A1B,h,1A1A1A1B,h,1A1A1A1B
RASTbiltSpat_002,uint8,4,h,18181919,h,18181919,h,18181919
RASTbiltSpat_003,uint8,4,h,16161717,h,16161717,h,16161717
RASTbiltSpat_004,uint8,4,h,14151516,h,14151516,h,14151516
RASTbiltSpat_005,uint8,4,h,12131314,h,12131314,h,12131314
RASTbiltSpat_006,uint8,4,h,11111112,h,11111112,h,11111112
RASTbiltSpat_007,uint8,4,h,0F0F1010,h,0F0F1010,h,0F0F1010
RASTbiltSpat_008,uint8,4,h,0E0E0E0F,h,0E0E0E0F,h,0E0E0E0F
RASTbiltSpat_009,uint8,4,h,0D0D0D0E,h,0D0D0D0E,h,0D0D0D0E
RASTbiltSpat_010,uint8,4,h,0C0C0D0D,h,0C0C0D0D,h,0C0C0D0D
RASTbiltSpat_011,uint8,4,h,0C0C0C0C,h,0C0C0C0C,h,0C0C0C0C
RASTbiltSpat_012,uint8,4,h,0B0B0B0B,h,0B0B0B0B,h,0B0B0B0B
RASTbiltSpat_013,uint8,4,h,0B0B0B0B,h,0B0B0B0B,h,0B0B0B0B
RASTbiltSpat_014,uint8,4,h,0B0B0B0B,h,0B0B0B0B,h,0B0B0B0B
RASTbiltSpat_015,uint8,4,h,000A0B0B,h,000A0B0B,h,000A0B0B
RASTconfDC_000,uint4,8,h,68ACDEFF,h,68ACDEFF,h,68ACDEFF
RASTconfDC_001,uint4,8,h,00111234,h,00111234,h,00111234
RASTconfDC_002,uint4,8,h,00000000,h,00000000,h,00000000
RASTconfDC_003,uint4,8,h,00000000,h,00000000,h,00000000
RASTconfDC_004,uint4,8,h,00000000,h,00000000,h,00000000
RASTconfDC_005,uint4,8,h,00000000,h,00000000,h,00000000
RASTconfDC_006,uint4,8,h,00000000,h,00000000,h,00000000
RASTconfDC_007,uint4,8,h,00000000,h,00000000,h,00000000
JFILirShadingLUTr0_000,uint12,2,h,00FDFFFE,h,00FDFFFE,h,00FDFFFE
JFILirShadingLUTr0_001,uint12,2,h,00E1DEEA,h,00E1DEEA,h,00E1DEEA
JFILirShadingLUTr0_002,uint12,2,h,00CFED79,h,00CFED79,h,00CFED79
JFILirShadingLUTr0_003,uint12,2,h,00C84CAC,h,00C84CAC,h,00C84CAC
JFILirShadingLUTr0_004,uint12,2,h,00CACC84,h,00CACC84,h,00CACC84
JFILirShadingLUTr0_005,uint12,2,h,00D79CFE,h,00D79CFE,h,00D79CFE
JFILirShadingLUTr0_006,uint12,2,h,00EEAE1D,h,00EEAE1D,h,00EEAE1D
JFILirShadingLUTr0_007,uint12,2,h,00FFEFDF,h,00FFEFDF,h,00FFEFDF
JFILirShadingLUTr0_008,uint12,2,h,00000FFE,h,00000FFE,h,00000FFE
JFILirShadingLUTdelta_000,int10,2,h,000C2FE1,h,000C2FE1,h,000C2FE1
JFILirShadingLUTdelta_001,int10,2,h,000D7333,h,000D7333,h,000D7333
JFILirShadingLUTdelta_002,int10,2,h,000EBB85,h,000EBB85,h,000EBB85
JFILirShadingLUTdelta_003,int10,2,h,000003D8,h,000003D8,h,000003D8
JFILirShadingLUTdelta_004,int10,2,h,00014828,h,00014828,h,00014828
JFILirShadingLUTdelta_005,int10,2,h,0002907B,h,0002907B,h,0002907B
JFILirShadingLUTdelta_006,int10,2,h,0003D4CD,h,0003D4CD,h,0003D4CD
JFILirShadingLUTdelta_007,int10,2,h,0000001F,h,0000001F,h,0000001F
JFILirShadingLUTdelta_008,int10,2,h,000C2AE2,h,000C2AE2,h,000C2AE2
JFILirShadingLUTdelta_009,int10,2,h,000D7733,h,000D7733,h,000D7733
JFILirShadingLUTdelta_010,int10,2,h,000EBB85,h,000EBB85,h,000EBB85
JFILirShadingLUTdelta_011,int10,2,h,000003D7,h,000003D7,h,000003D7
JFILirShadingLUTdelta_012,int10,2,h,00014829,h,00014829,h,00014829
JFILirShadingLUTdelta_013,int10,2,h,00028C7B,h,00028C7B,h,00028C7B
JFILirShadingLUTdelta_014,int10,2,h,0003D8CD,h,0003D8CD,h,0003D8CD
JFILirShadingLUTdelta_015,int10,2,h,00007D1E,h,00007D1E,h,00007D1E
JFILirShadingLUTdelta_016,int10,2,h,000C2AE1,h,000C2AE1,h,000C2AE1
JFILirShadingLUTdelta_017,int10,2,h,000D7334,h,000D7334,h,000D7334
JFILirShadingLUTdelta_018,int10,2,h,000EBB85,h,000EBB85,h,000EBB85
JFILirShadingLUTdelta_019,int10,2,h,000003D7,h,000003D7,h,000003D7
JFILirShadingLUTdelta_020,int10,2,h,00014829,h,00014829,h,00014829
JFILirShadingLUTdelta_021,int10,2,h,0002907B,h,0002907B,h,0002907B
JFILirShadingLUTdelta_022,int10,2,h,0003D8CC,h,0003D8CC,h,0003D8CC
JFILirShadingLUTdelta_023,int10,2,h,0004511F,h,0004511F,h,0004511F
JFILirShadingLUTdelta_024,int10,2,h,000C2EE1,h,000C2EE1,h,000C2EE1
JFILirShadingLUTdelta_025,int10,2,h,000D7333,h,000D7333,h,000D7333
JFILirShadingLUTdelta_026,int10,2,h,000EBF85,h,000EBF85,h,000EBF85
JFILirShadingLUTdelta_027,int10,2,h,000003D7,h,000003D7,h,000003D7
JFILirShadingLUTdelta_028,int10,2,h,00014429,h,00014429,h,00014429
JFILirShadingLUTdelta_029,int10,2,h,0002907B,h,0002907B,h,0002907B
JFILirShadingLUTdelta_030,int10,2,h,0003D4CD,h,0003D4CD,h,0003D4CD
JFILirShadingLUTdelta_031,int10,2,h,00051D1F,h,00051D1F,h,00051D1F
JFILirShadingLUTdelta_032,int10,2,h,000C2AE2,h,000C2AE2,h,000C2AE2
JFILirShadingLUTdelta_033,int10,2,h,000D7733,h,000D7733,h,000D7733
JFILirShadingLUTdelta_034,int10,2,h,000EBB85,h,000EBB85,h,000EBB85
JFILirShadingLUTdelta_035,int10,2,h,000003D7,h,000003D7,h,000003D7
JFILirShadingLUTdelta_036,int10,2,h,00014829,h,00014829,h,00014829
JFILirShadingLUTdelta_037,int10,2,h,00028C7B,h,00028C7B,h,00028C7B
JFILirShadingLUTdelta_038,int10,2,h,0003D8CD,h,0003D8CD,h,0003D8CD
JFILirShadingLUTdelta_039,int10,2,h,0005211E,h,0005211E,h,0005211E
JFILirShadingLUTdelta_040,int10,2,h,000C2AE2,h,000C2AE2,h,000C2AE2
JFILirShadingLUTdelta_041,int10,2,h,000D7733,h,000D7733,h,000D7733
JFILirShadingLUTdelta_042,int10,2,h,000EBB85,h,000EBB85,h,000EBB85
JFILirShadingLUTdelta_043,int10,2,h,000003D7,h,000003D7,h,000003D7
JFILirShadingLUTdelta_044,int10,2,h,00014829,h,00014829,h,00014829
JFILirShadingLUTdelta_045,int10,2,h,00028C7B,h,00028C7B,h,00028C7B
JFILirShadingLUTdelta_046,int10,2,h,0003D8CD,h,0003D8CD,h,0003D8CD
JFILirShadingLUTdelta_047,int10,2,h,0005211E,h,0005211E,h,0005211E
JFILirShadingLUTdelta_048,int10,2,h,000C2AE2,h,000C2AE2,h,000C2AE2
JFILirShadingLUTdelta_049,int10,2,h,000D7334,h,000D7334,h,000D7334
JFILirShadingLUTdelta_050,int10,2,h,000EBB85,h,000EBB85,h,000EBB85
JFILirShadingLUTdelta_051,int10,2,h,000003D7,h,000003D7,h,000003D7
JFILirShadingLUTdelta_052,int10,2,h,00014829,h,00014829,h,00014829
JFILirShadingLUTdelta_053,int10,2,h,0002907B,h,0002907B,h,0002907B
JFILirShadingLUTdelta_054,int10,2,h,0003D8CC,h,0003D8CC,h,0003D8CC
JFILirShadingLUTdelta_055,int10,2,h,0005211E,h,0005211E,h,0005211E
JFILirShadingLUTdelta_056,int10,2,h,000C2AE1,h,000C2AE1,h,000C2AE1
JFILirShadingLUTdelta_057,int10,2,h,000D7334,h,000D7334,h,000D7334
JFILirShadingLUTdelta_058,int10,2,h,000EBB85,h,000EBB85,h,000EBB85
JFILirShadingLUTdelta_059,int10,2,h,000003D7,h,000003D7,h,000003D7
JFILirShadingLUTdelta_060,int10,2,h,00014829,h,00014829,h,00014829
JFILirShadingLUTdelta_061,int10,2,h,0002907B,h,0002907B,h,0002907B
JFILirShadingLUTdelta_062,int10,2,h,0003D8CC,h,0003D8CC,h,0003D8CC
JFILirShadingLUTdelta_063,int10,2,h,00051D1F,h,00051D1F,h,00051D1F
JFILirShadingLUTdelta_064,int10,2,h,000C2AE1,h,000C2AE1,h,000C2AE1
JFILirShadingLUTdelta_065,int10,2,h,000D7334,h,000D7334,h,000D7334
JFILirShadingLUTdelta_066,int10,2,h,000EBB85,h,000EBB85,h,000EBB85
JFILirShadingLUTdelta_067,int10,2,h,000003D7,h,000003D7,h,000003D7
JFILirShadingLUTdelta_068,int10,2,h,00014829,h,00014829,h,00014829
JFILirShadingLUTdelta_069,int10,2,h,0002907B,h,0002907B,h,0002907B
JFILirShadingLUTdelta_070,int10,2,h,0003D8CC,h,0003D8CC,h,0003D8CC
JFILirShadingLUTdelta_071,int10,2,h,00051D1F,h,00051D1F,h,00051D1F
JFILirShadingLUTdelta_072,int10,2,h,000C2AE2,h,000C2AE2,h,000C2AE2
JFILirShadingLUTdelta_073,int10,2,h,000D7334,h,000D7334,h,000D7334
JFILirShadingLUTdelta_074,int10,2,h,000EBB85,h,000EBB85,h,000EBB85
JFILirShadingLUTdelta_075,int10,2,h,000003D7,h,000003D7,h,000003D7
JFILirShadingLUTdelta_076,int10,2,h,00014829,h,00014829,h,00014829
JFILirShadingLUTdelta_077,int10,2,h,0002907B,h,0002907B,h,0002907B
JFILirShadingLUTdelta_078,int10,2,h,0003D8CC,h,0003D8CC,h,0003D8CC
JFILirShadingLUTdelta_079,int10,2,h,0005211E,h,0005211E,h,0005211E
JFILirShadingLUTdelta_080,int10,2,h,000C2AE2,h,000C2AE2,h,000C2AE2
JFILirShadingLUTdelta_081,int10,2,h,000D7733,h,000D7733,h,000D7733
JFILirShadingLUTdelta_082,int10,2,h,000EBB85,h,000EBB85,h,000EBB85
JFILirShadingLUTdelta_083,int10,2,h,000003D7,h,000003D7,h,000003D7
JFILirShadingLUTdelta_084,int10,2,h,00014829,h,00014829,h,00014829
JFILirShadingLUTdelta_085,int10,2,h,00028C7B,h,00028C7B,h,00028C7B
JFILirShadingLUTdelta_086,int10,2,h,0003D8CD,h,0003D8CD,h,0003D8CD
JFILirShadingLUTdelta_087,int10,2,h,0005211E,h,0005211E,h,0005211E
JFILirShadingLUTdelta_088,int10,2,h,000C2AE2,h,000C2AE2,h,000C2AE2
JFILirShadingLUTdelta_089,int10,2,h,000D7733,h,000D7733,h,000D7733
JFILirShadingLUTdelta_090,int10,2,h,000EBB85,h,000EBB85,h,000EBB85
JFILirShadingLUTdelta_091,int10,2,h,000003D7,h,000003D7,h,000003D7
JFILirShadingLUTdelta_092,int10,2,h,00014829,h,00014829,h,00014829
JFILirShadingLUTdelta_093,int10,2,h,00028C7B,h,00028C7B,h,00028C7B
JFILirShadingLUTdelta_094,int10,2,h,0003D8CD,h,0003D8CD,h,0003D8CD
JFILirShadingLUTdelta_095,int10,2,h,0005211E,h,0005211E,h,0005211E
JFILirShadingLUTdelta_096,int10,2,h,000C2EE1,h,000C2EE1,h,000C2EE1
JFILirShadingLUTdelta_097,int10,2,h,000D7333,h,000D7333,h,000D7333
JFILirShadingLUTdelta_098,int10,2,h,000EBF85,h,000EBF85,h,000EBF85
JFILirShadingLUTdelta_099,int10,2,h,000003D7,h,000003D7,h,000003D7
JFILirShadingLUTdelta_100,int10,2,h,00014429,h,00014429,h,00014429
JFILirShadingLUTdelta_101,int10,2,h,0002907B,h,0002907B,h,0002907B
JFILirShadingLUTdelta_102,int10,2,h,0003D4CD,h,0003D4CD,h,0003D4CD
JFILirShadingLUTdelta_103,int10,2,h,00051D1F,h,00051D1F,h,00051D1F
JFILirShadingLUTdelta_104,int10,2,h,000C2AE1,h,000C2AE1,h,000C2AE1
JFILirShadingLUTdelta_105,int10,2,h,000D7334,h,000D7334,h,000D7334
JFILirShadingLUTdelta_106,int10,2,h,000EBB85,h,000EBB85,h,000EBB85
JFILirShadingLUTdelta_107,int10,2,h,000003D7,h,000003D7,h,000003D7
JFILirShadingLUTdelta_108,int10,2,h,00014829,h,00014829,h,00014829
JFILirShadingLUTdelta_109,int10,2,h,0002907B,h,0002907B,h,0002907B
JFILirShadingLUTdelta_110,int10,2,h,0003D8CC,h,0003D8CC,h,0003D8CC
JFILirShadingLUTdelta_111,int10,2,h,0004511F,h,0004511F,h,0004511F
JFILirShadingLUTdelta_112,int10,2,h,000C2AE2,h,000C2AE2,h,000C2AE2
JFILirShadingLUTdelta_113,int10,2,h,000D7733,h,000D7733,h,000D7733
JFILirShadingLUTdelta_114,int10,2,h,000EBB85,h,000EBB85,h,000EBB85
JFILirShadingLUTdelta_115,int10,2,h,000003D7,h,000003D7,h,000003D7
JFILirShadingLUTdelta_116,int10,2,h,00014829,h,00014829,h,00014829
JFILirShadingLUTdelta_117,int10,2,h,00028C7B,h,00028C7B,h,00028C7B
JFILirShadingLUTdelta_118,int10,2,h,0003D8CD,h,0003D8CD,h,0003D8CD
JFILirShadingLUTdelta_119,int10,2,h,00007D1E,h,00007D1E,h,00007D1E
JFILirShadingLUTdelta_120,int10,2,h,000C2FE1,h,000C2FE1,h,000C2FE1
JFILirShadingLUTdelta_121,int10,2,h,000D7333,h,000D7333,h,000D7333
JFILirShadingLUTdelta_122,int10,2,h,000EBB85,h,000EBB85,h,000EBB85
JFILirShadingLUTdelta_123,int10,2,h,000003D8,h,000003D8,h,000003D8
JFILirShadingLUTdelta_124,int10,2,h,00014828,h,00014828,h,00014828
JFILirShadingLUTdelta_125,int10,2,h,0002907B,h,0002907B,h,0002907B
JFILirShadingLUTdelta_126,int10,2,h,0003D4CD,h,0003D4CD,h,0003D4CD
JFILirShadingLUTdelta_127,int10,2,h,0000001F,h,0000001F,h,0000001F
JFILirShadingLUTdelta_128,int10,2,h,00000000,h,00000000,h,00000000
JFILirShadingLUTdelta_129,int10,2,h,000D7766,h,000D7766,h,000D7766
JFILirShadingLUTdelta_130,int10,2,h,000EBB85,h,000EBB85,h,000EBB85
JFILirShadingLUTdelta_131,int10,2,h,000003D7,h,000003D7,h,000003D7
JFILirShadingLUTdelta_132,int10,2,h,00014829,h,00014829,h,00014829
JFILirShadingLUTdelta_133,int10,2,h,00028C7B,h,00028C7B,h,00028C7B
JFILirShadingLUTdelta_134,int10,2,h,0000009A,h,0000009A,h,0000009A
JFILirShadingLUTdelta_135,int10,2,h,00000000,h,00000000,h,00000000
JFILirShadingScale,uint16,2,h,0222019A,h,01550100,h,046A06BD
FRMWmirrorMovmentMode,uint16,1,h,00000001,h,00000001,h,00000001
FRMWspeedOfLightMMnsec,single,1,f,299.702547,f,299.702547,f,299.702547
